Timestamp,Container,CPU_Perc,Host_CPU_Perc,Mem_Usage,Mem_Limit,Mem_Perc,Host_Mem_Usage,Host_Mem_Total,Host_Mem_Perc,Net_Input,Net_Output,Block_Input,Block_Output,GPU_Count,GPU_Util_Max,GPU_Mem_Used,GPU_Mem_Total,GPU_Mem_Perc
2026-05-20 21:57:01.012,vllm-server,0.00%,7.84%,98.37MiB,1007GiB,0.01%,13.56GiB,1007GiB,1.35%,316B,138B,0B,0B,1,0.00%,0B,80GiB,0.00%
2026-05-20 21:57:01.229,vllm-server,84.86%,3.94%,168.6MiB,1007GiB,0.02%,13.66GiB,1007GiB,1.36%,316B,138B,0B,0B,1,0.00%,0B,80GiB,0.00%
2026-05-20 21:57:01.421,vllm-server,2837.61%,6.50%,210.4MiB,1007GiB,0.02%,13.73GiB,1007GiB,1.36%,426B,138B,0B,0B,1,0.00%,0B,80GiB,0.00%
2026-05-20 21:57:01.635,vllm-server,76.72%,37.55%,228.2MiB,1007GiB,0.02%,13.73GiB,1007GiB,1.36%,426B,138B,0B,0B,1,0.00%,0B,80GiB,0.00%
2026-05-20 21:57:01.798,vllm-server,101.00%,2.79%,246.8MiB,1007GiB,0.02%,13.74GiB,1007GiB,1.36%,602B,138B,0B,0B,1,0.00%,0B,80GiB,0.00%
2026-05-20 21:57:01.958,vllm-server,99.48%,2.84%,261.4MiB,1007GiB,0.03%,13.76GiB,1007GiB,1.37%,602B,180B,0B,0B,1,0.00%,0B,80GiB,0.00%
2026-05-20 21:57:02.120,vllm-server,101.44%,4.02%,269.5MiB,1007GiB,0.03%,13.76GiB,1007GiB,1.37%,676B,234B,0B,0B,1,0.00%,0B,80GiB,0.00%
2026-05-20 21:57:02.284,vllm-server,99.66%,2.76%,280.9MiB,1007GiB,0.03%,13.76GiB,1007GiB,1.37%,676B,234B,0B,0B,1,0.00%,0B,80GiB,0.00%
2026-05-20 21:57:02.449,vllm-server,99.82%,2.85%,299MiB,1007GiB,0.03%,13.79GiB,1007GiB,1.37%,676B,234B,0B,0B,1,0.00%,0B,80GiB,0.00%
2026-05-20 21:57:02.611,vllm-server,113.24%,3.19%,303.2MiB,1007GiB,0.03%,13.8GiB,1007GiB,1.37%,676B,234B,0B,0B,1,0.00%,0B,80GiB,0.00%
2026-05-20 21:57:02.795,vllm-server,89.03%,2.89%,306.4MiB,1007GiB,0.03%,13.8GiB,1007GiB,1.37%,836B,234B,0B,0B,1,0.00%,0B,80GiB,0.00%
2026-05-20 21:57:02.959,vllm-server,97.15%,2.77%,313.2MiB,1007GiB,0.03%,13.81GiB,1007GiB,1.37%,836B,276B,0B,0B,1,0.00%,0B,80GiB,0.00%
2026-05-20 21:57:03.121,vllm-server,123.69%,3.67%,318.8MiB,1007GiB,0.03%,13.8GiB,1007GiB,1.37%,1000B,330B,0B,0B,1,0.00%,0B,80GiB,0.00%
2026-05-20 21:57:03.321,vllm-server,90.00%,2.58%,330.5MiB,1007GiB,0.03%,13.81GiB,1007GiB,1.37%,1000B,330B,0B,0B,1,0.00%,0B,80GiB,0.00%
2026-05-20 21:57:03.503,vllm-server,91.94%,2.42%,332.2MiB,1007GiB,0.03%,13.82GiB,1007GiB,1.37%,1000B,330B,0B,0B,1,0.00%,0B,80GiB,0.00%
2026-05-20 21:57:03.671,vllm-server,109.36%,2.98%,334.5MiB,1007GiB,0.03%,13.83GiB,1007GiB,1.37%,1000B,330B,0B,0B,1,0.00%,0B,80GiB,0.00%
2026-05-20 21:57:03.852,vllm-server,88.66%,2.94%,339.5MiB,1007GiB,0.03%,13.85GiB,1007GiB,1.37%,1000B,330B,0B,0B,1,0.00%,0B,80GiB,0.00%
2026-05-20 21:57:04.019,vllm-server,121.55%,7.00%,345.2MiB,1007GiB,0.03%,13.85GiB,1007GiB,1.37%,1.049kB,384B,0B,0B,1,0.00%,0B,80GiB,0.00%
2026-05-20 21:57:04.217,vllm-server,82.91%,3.81%,351MiB,1007GiB,0.03%,13.84GiB,1007GiB,1.37%,1.049kB,384B,0B,0B,1,0.00%,0B,80GiB,0.00%
2026-05-20 21:57:04.382,vllm-server,121.72%,3.23%,363.8MiB,1007GiB,0.04%,13.85GiB,1007GiB,1.37%,1.049kB,384B,0B,0B,1,0.00%,0B,80GiB,0.00%
2026-05-20 21:57:04.581,vllm-server,94.25%,6.75%,368.1MiB,1007GiB,0.04%,13.83GiB,1007GiB,1.37%,1.049kB,384B,0B,0B,1,0.00%,0B,80GiB,0.00%
2026-05-20 21:57:04.771,vllm-server,96.48%,2.64%,370.6MiB,1007GiB,0.04%,13.86GiB,1007GiB,1.38%,1.049kB,384B,0B,0B,1,0.00%,0B,80GiB,0.00%
2026-05-20 21:57:04.953,vllm-server,107.78%,2.93%,376.9MiB,1007GiB,0.04%,13.88GiB,1007GiB,1.38%,1.049kB,384B,0B,0B,1,0.00%,0B,80GiB,0.00%
2026-05-20 21:57:05.149,vllm-server,91.79%,2.95%,384.3MiB,1007GiB,0.04%,13.88GiB,1007GiB,1.38%,1.121kB,438B,0B,0B,1,0.00%,0B,80GiB,0.00%
2026-05-20 21:57:05.334,vllm-server,90.83%,2.72%,390.3MiB,1007GiB,0.04%,13.9GiB,1007GiB,1.38%,1.121kB,438B,0B,0B,1,0.00%,0B,80GiB,0.00%
2026-05-20 21:57:05.497,vllm-server,100.37%,2.88%,399.8MiB,1007GiB,0.04%,13.93GiB,1007GiB,1.38%,1.121kB,438B,0B,0B,1,0.00%,0B,80GiB,0.00%
2026-05-20 21:57:05.661,vllm-server,109.52%,2.76%,402.7MiB,1007GiB,0.04%,13.92GiB,1007GiB,1.38%,1.121kB,438B,0B,0B,1,0.00%,0B,80GiB,0.00%
2026-05-20 21:57:05.846,vllm-server,90.99%,2.55%,405.1MiB,1007GiB,0.04%,13.93GiB,1007GiB,1.38%,1.121kB,438B,0B,0B,1,0.00%,0B,80GiB,0.00%
2026-05-20 21:57:06.016,vllm-server,93.63%,3.66%,426.2MiB,1007GiB,0.04%,13.95GiB,1007GiB,1.38%,1.121kB,438B,0B,0B,1,0.00%,0B,80GiB,0.00%
2026-05-20 21:57:06.200,vllm-server,83.51%,2.72%,442.5MiB,1007GiB,0.04%,13.97GiB,1007GiB,1.39%,1.234kB,534B,0B,0B,1,0.00%,0B,80GiB,0.00%
2026-05-20 21:57:06.388,vllm-server,100.24%,3.40%,445MiB,1007GiB,0.04%,13.98GiB,1007GiB,1.39%,1.234kB,534B,0B,0B,1,0.00%,0B,80GiB,0.00%
2026-05-20 21:57:06.571,vllm-server,99.91%,2.48%,448.4MiB,1007GiB,0.04%,14GiB,1007GiB,1.39%,1.234kB,534B,0B,0B,1,0.00%,0B,80GiB,0.00%
2026-05-20 21:57:06.757,vllm-server,101.28%,2.62%,451MiB,1007GiB,0.04%,13.99GiB,1007GiB,1.39%,1.303kB,534B,0B,0B,1,0.00%,0B,80GiB,0.00%
2026-05-20 21:57:06.945,vllm-server,108.72%,2.76%,457.5MiB,1007GiB,0.04%,14.01GiB,1007GiB,1.39%,1.303kB,534B,0B,0B,1,0.00%,0B,80GiB,0.00%
2026-05-20 21:57:07.147,vllm-server,110.46%,4.08%,466.1MiB,1007GiB,0.05%,14.02GiB,1007GiB,1.39%,1.375kB,588B,0B,0B,1,0.00%,0B,80GiB,0.00%
2026-05-20 21:57:07.376,vllm-server,84.03%,2.75%,471.1MiB,1007GiB,0.05%,14.02GiB,1007GiB,1.39%,1.375kB,588B,0B,0B,1,0.00%,0B,80GiB,0.00%
2026-05-20 21:57:07.566,vllm-server,98.84%,2.81%,472.8MiB,1007GiB,0.05%,14.02GiB,1007GiB,1.39%,1.375kB,588B,0B,0B,1,0.00%,0B,80GiB,0.00%
2026-05-20 21:57:07.752,vllm-server,100.62%,2.87%,477MiB,1007GiB,0.05%,14.01GiB,1007GiB,1.39%,1.375kB,588B,0B,0B,1,0.00%,0B,80GiB,0.00%
2026-05-20 21:57:07.937,vllm-server,96.76%,2.45%,477.8MiB,1007GiB,0.05%,14.02GiB,1007GiB,1.39%,1.375kB,588B,0B,0B,1,0.00%,0B,80GiB,0.00%
2026-05-20 21:57:08.121,vllm-server,100.39%,2.74%,481.5MiB,1007GiB,0.05%,14.02GiB,1007GiB,1.39%,1.375kB,588B,0B,0B,1,0.00%,0B,80GiB,0.00%
2026-05-20 21:57:08.305,vllm-server,90.94%,2.97%,485.7MiB,1007GiB,0.05%,14.02GiB,1007GiB,1.39%,1.447kB,642B,0B,0B,1,0.00%,0B,80GiB,0.00%
2026-05-20 21:57:08.472,vllm-server,110.32%,2.92%,499.4MiB,1007GiB,0.05%,14.02GiB,1007GiB,1.39%,1.447kB,642B,0B,0B,1,0.00%,0B,80GiB,0.00%
2026-05-20 21:57:08.660,vllm-server,101.83%,2.57%,501.4MiB,1007GiB,0.05%,14.03GiB,1007GiB,1.39%,1.447kB,642B,0B,0B,1,0.00%,0B,80GiB,0.00%
2026-05-20 21:57:08.849,vllm-server,99.57%,2.66%,506.7MiB,1007GiB,0.05%,14.03GiB,1007GiB,1.39%,1.447kB,642B,0B,0B,1,0.00%,0B,80GiB,0.00%
2026-05-20 21:57:09.040,vllm-server,98.22%,2.70%,511.6MiB,1007GiB,0.05%,14.03GiB,1007GiB,1.39%,1.447kB,642B,0B,0B,1,0.00%,0B,80GiB,0.00%
2026-05-20 21:57:09.227,vllm-server,111.35%,2.70%,517.6MiB,1007GiB,0.05%,14.04GiB,1007GiB,1.39%,1.52kB,696B,0B,0B,1,0.00%,0B,80GiB,0.00%
2026-05-20 21:57:09.432,vllm-server,81.62%,3.19%,526.7MiB,1007GiB,0.05%,14.04GiB,1007GiB,1.39%,1.52kB,696B,0B,0B,1,0.00%,0B,80GiB,0.00%
2026-05-20 21:57:09.600,vllm-server,213.82%,2.98%,547.8MiB,1007GiB,0.05%,14.03GiB,1007GiB,1.39%,1.52kB,696B,0B,0B,1,0.00%,0B,80GiB,0.00%
2026-05-20 21:57:09.778,vllm-server,2560.52%,42.81%,551.7MiB,1007GiB,0.05%,14.04GiB,1007GiB,1.39%,1.52kB,696B,0B,0B,1,0.00%,0B,80GiB,0.00%
2026-05-20 21:57:09.960,vllm-server,100.70%,2.84%,556.2MiB,1007GiB,0.05%,14.04GiB,1007GiB,1.39%,1.52kB,696B,0B,0B,1,0.00%,0B,80GiB,0.00%
2026-05-20 21:57:10.145,vllm-server,98.77%,4.03%,560.6MiB,1007GiB,0.05%,14.04GiB,1007GiB,1.39%,1.52kB,696B,0B,0B,1,0.00%,0B,80GiB,0.00%
2026-05-20 21:57:10.329,vllm-server,91.58%,2.99%,560.7MiB,1007GiB,0.05%,14.04GiB,1007GiB,1.39%,1.592kB,750B,0B,0B,1,0.00%,0B,80GiB,0.00%
2026-05-20 21:57:10.494,vllm-server,99.47%,2.66%,566.1MiB,1007GiB,0.05%,14.04GiB,1007GiB,1.39%,1.592kB,750B,0B,0B,1,0.00%,0B,80GiB,0.00%
2026-05-20 21:57:10.660,vllm-server,110.11%,2.91%,575.3MiB,1007GiB,0.06%,14.03GiB,1007GiB,1.39%,1.592kB,750B,0B,0B,1,0.00%,0B,80GiB,0.00%
2026-05-20 21:57:10.844,vllm-server,100.30%,2.90%,583.3MiB,1007GiB,0.06%,14.04GiB,1007GiB,1.39%,1.592kB,750B,0B,0B,1,0.00%,0B,80GiB,0.00%
2026-05-20 21:57:11.029,vllm-server,98.91%,3.04%,589.3MiB,1007GiB,0.06%,14.04GiB,1007GiB,1.39%,1.592kB,750B,0B,0B,1,0.00%,0B,80GiB,0.00%
2026-05-20 21:57:11.213,vllm-server,89.61%,2.39%,590.8MiB,1007GiB,0.06%,14.05GiB,1007GiB,1.40%,1.592kB,750B,0B,0B,1,0.00%,0B,80GiB,0.00%
2026-05-20 21:57:11.401,vllm-server,108.68%,3.09%,599.1MiB,1007GiB,0.06%,14.06GiB,1007GiB,1.40%,1.664kB,804B,0B,0B,1,0.00%,0B,80GiB,0.00%
2026-05-20 21:57:11.606,vllm-server,91.37%,2.82%,605.8MiB,1007GiB,0.06%,14.05GiB,1007GiB,1.39%,1.664kB,804B,0B,0B,1,0.00%,0B,80GiB,0.00%
2026-05-20 21:57:11.794,vllm-server,89.63%,2.67%,613MiB,1007GiB,0.06%,14.06GiB,1007GiB,1.40%,1.664kB,804B,0B,0B,1,0.00%,0B,80GiB,0.00%
2026-05-20 21:57:11.959,vllm-server,111.36%,2.93%,621.6MiB,1007GiB,0.06%,14.06GiB,1007GiB,1.40%,1.664kB,804B,0B,0B,1,0.00%,0B,80GiB,0.00%
2026-05-20 21:57:12.148,vllm-server,103.27%,2.58%,628MiB,1007GiB,0.06%,14.05GiB,1007GiB,1.39%,1.664kB,804B,0B,0B,1,0.00%,0B,80GiB,0.00%
2026-05-20 21:57:12.339,vllm-server,96.08%,2.70%,628.8MiB,1007GiB,0.06%,14.05GiB,1007GiB,1.39%,1.736kB,858B,0B,0B,1,0.00%,0B,80GiB,0.00%
2026-05-20 21:57:12.525,vllm-server,55.14%,3.20%,629.3MiB,1007GiB,0.06%,14.02GiB,1007GiB,1.39%,9.505kB,3.293kB,0B,0B,1,0.00%,0B,80GiB,0.00%
2026-05-20 21:57:12.726,vllm-server,2.66%,1.09%,629.2MiB,1007GiB,0.06%,14.03GiB,1007GiB,1.39%,15.81kB,4.861kB,0B,0B,1,0.00%,0B,80GiB,0.00%
2026-05-20 21:57:12.890,vllm-server,9.02%,1.44%,629.8MiB,1007GiB,0.06%,14.03GiB,1007GiB,1.39%,22.11kB,6.323kB,0B,0B,1,0.00%,0B,80GiB,0.00%
2026-05-20 21:57:13.097,vllm-server,38.11%,2.03%,693MiB,1007GiB,0.07%,14.02GiB,1007GiB,1.39%,24.73kB,6.823kB,0B,0B,1,0.00%,0B,80GiB,0.00%
2026-05-20 21:57:13.288,vllm-server,98.69%,2.71%,803.9MiB,1007GiB,0.08%,14.15GiB,1007GiB,1.40%,24.73kB,6.823kB,0B,0B,1,0.00%,0B,80GiB,0.00%
2026-05-20 21:57:13.472,vllm-server,2685.51%,19.06%,849MiB,1007GiB,0.08%,14.2GiB,1007GiB,1.41%,24.8kB,6.876kB,0B,0B,1,0.00%,0B,80GiB,0.00%
2026-05-20 21:57:13.657,vllm-server,91.01%,27.41%,870.2MiB,1007GiB,0.08%,14.23GiB,1007GiB,1.41%,24.8kB,6.876kB,0B,0B,1,0.00%,0B,80GiB,0.00%
2026-05-20 21:57:13.824,vllm-server,100.28%,2.99%,884.6MiB,1007GiB,0.09%,14.24GiB,1007GiB,1.41%,24.8kB,6.876kB,0B,0B,1,0.00%,0B,80GiB,0.00%
2026-05-20 21:57:13.991,vllm-server,98.38%,2.82%,893.5MiB,1007GiB,0.09%,14.26GiB,1007GiB,1.42%,24.8kB,6.876kB,0B,0B,1,0.00%,0B,80GiB,0.00%
2026-05-20 21:57:14.161,vllm-server,101.26%,2.68%,907.3MiB,1007GiB,0.09%,14.27GiB,1007GiB,1.42%,24.8kB,6.876kB,0B,0B,1,0.00%,0B,80GiB,0.00%
2026-05-20 21:57:14.326,vllm-server,99.75%,2.96%,926MiB,1007GiB,0.09%,14.3GiB,1007GiB,1.42%,24.8kB,6.876kB,0B,0B,1,0.00%,0B,80GiB,0.00%
2026-05-20 21:57:14.489,vllm-server,99.98%,3.07%,946MiB,1007GiB,0.09%,14.32GiB,1007GiB,1.42%,24.87kB,6.929kB,0B,0B,1,0.00%,0B,80GiB,0.00%
2026-05-20 21:57:14.657,vllm-server,114.86%,2.79%,957.8MiB,1007GiB,0.09%,14.32GiB,1007GiB,1.42%,24.94kB,6.929kB,0B,0B,1,0.00%,0B,80GiB,0.00%
2026-05-20 21:57:14.849,vllm-server,95.40%,2.76%,967.2MiB,1007GiB,0.09%,14.33GiB,1007GiB,1.42%,24.94kB,6.929kB,0B,0B,1,0.00%,0B,80GiB,0.00%
2026-05-20 21:57:15.035,vllm-server,83.66%,2.62%,996MiB,1007GiB,0.10%,14.36GiB,1007GiB,1.43%,24.94kB,6.929kB,0B,0B,1,0.00%,0B,80GiB,0.00%
2026-05-20 21:57:15.228,vllm-server,87.29%,2.43%,1003MiB,1007GiB,0.10%,14.37GiB,1007GiB,1.43%,24.94kB,6.929kB,0B,0B,1,0.00%,0B,80GiB,0.00%
2026-05-20 21:57:15.393,vllm-server,110.79%,3.02%,1009MiB,1007GiB,0.10%,14.38GiB,1007GiB,1.43%,25.01kB,6.981kB,0B,0B,1,0.00%,0B,80GiB,0.00%
2026-05-20 21:57:15.575,vllm-server,103.61%,3.53%,1009MiB,1007GiB,0.10%,14.38GiB,1007GiB,1.43%,25.01kB,6.981kB,0B,0B,1,0.00%,0B,80GiB,0.00%
2026-05-20 21:57:15.764,vllm-server,99.71%,2.73%,1011MiB,1007GiB,0.10%,14.38GiB,1007GiB,1.43%,25.01kB,6.981kB,0B,0B,1,0.00%,0B,80GiB,0.00%
2026-05-20 21:57:15.952,vllm-server,97.34%,4.16%,1013MiB,1007GiB,0.10%,14.38GiB,1007GiB,1.43%,25.01kB,6.981kB,0B,0B,1,0.00%,0B,80GiB,0.00%
2026-05-20 21:57:16.137,vllm-server,101.73%,2.62%,1015MiB,1007GiB,0.10%,14.39GiB,1007GiB,1.43%,25.01kB,6.981kB,0B,0B,1,0.00%,0B,80GiB,0.00%
2026-05-20 21:57:16.325,vllm-server,99.55%,2.66%,1022MiB,1007GiB,0.10%,14.4GiB,1007GiB,1.43%,25.01kB,6.981kB,0B,0B,1,0.00%,0B,80GiB,0.00%
2026-05-20 21:57:16.512,vllm-server,87.82%,2.94%,1.013GiB,1007GiB,0.10%,14.42GiB,1007GiB,1.43%,25.09kB,7.034kB,0B,0B,1,0.00%,0B,80GiB,0.00%
2026-05-20 21:57:16.677,vllm-server,111.73%,2.94%,1.022GiB,1007GiB,0.10%,14.41GiB,1007GiB,1.43%,25.09kB,7.034kB,0B,0B,1,0.00%,0B,80GiB,0.00%
2026-05-20 21:57:16.861,vllm-server,110.33%,2.64%,1.045GiB,1007GiB,0.10%,14.44GiB,1007GiB,1.43%,25.09kB,7.034kB,0B,0B,1,0.00%,0B,80GiB,0.00%
2026-05-20 21:57:17.068,vllm-server,2229.78%,36.29%,1.059GiB,1007GiB,0.11%,14.47GiB,1007GiB,1.44%,25.09kB,7.034kB,0B,0B,1,0.00%,0B,80GiB,0.00%
2026-05-20 21:57:17.231,vllm-server,112.83%,3.44%,1.061GiB,1007GiB,0.11%,14.48GiB,1007GiB,1.44%,25.09kB,7.034kB,0B,0B,1,0.00%,0B,80GiB,0.00%
2026-05-20 21:57:17.416,vllm-server,88.97%,2.71%,1.067GiB,1007GiB,0.11%,14.5GiB,1007GiB,1.44%,25.09kB,7.034kB,0B,0B,1,0.00%,0B,80GiB,0.00%
2026-05-20 21:57:17.578,vllm-server,113.07%,3.48%,1.074GiB,1007GiB,0.11%,14.5GiB,1007GiB,1.44%,25.16kB,7.087kB,0B,0B,1,0.00%,0B,80GiB,0.00%
2026-05-20 21:57:17.770,vllm-server,88.58%,2.78%,1.085GiB,1007GiB,0.11%,14.49GiB,1007GiB,1.44%,25.16kB,7.087kB,0B,0B,1,0.00%,0B,80GiB,0.00%
2026-05-20 21:57:17.959,vllm-server,98.70%,2.81%,1.094GiB,1007GiB,0.11%,14.5GiB,1007GiB,1.44%,25.16kB,7.087kB,0B,0B,1,0.00%,0B,80GiB,0.00%
2026-05-20 21:57:18.144,vllm-server,99.45%,2.54%,1.102GiB,1007GiB,0.11%,14.5GiB,1007GiB,1.44%,25.16kB,7.087kB,0B,0B,1,0.00%,0B,80GiB,0.00%
2026-05-20 21:57:18.325,vllm-server,99.61%,2.52%,1.105GiB,1007GiB,0.11%,14.51GiB,1007GiB,1.44%,25.16kB,7.087kB,0B,0B,1,0.00%,0B,80GiB,0.00%
2026-05-20 21:57:18.510,vllm-server,103.56%,2.80%,1.11GiB,1007GiB,0.11%,14.52GiB,1007GiB,1.44%,25.23kB,7.14kB,0B,0B,1,0.00%,0B,80GiB,0.00%
2026-05-20 21:57:18.698,vllm-server,98.08%,2.85%,1.117GiB,1007GiB,0.11%,14.52GiB,1007GiB,1.44%,25.23kB,7.14kB,0B,0B,1,0.00%,0B,80GiB,0.00%
2026-05-20 21:57:18.881,vllm-server,98.04%,3.68%,1.136GiB,1007GiB,0.11%,14.54GiB,1007GiB,1.44%,25.23kB,7.14kB,0B,0B,1,0.00%,0B,80GiB,0.00%
2026-05-20 21:57:19.064,vllm-server,103.00%,2.91%,1.139GiB,1007GiB,0.11%,14.55GiB,1007GiB,1.44%,25.23kB,7.14kB,0B,0B,1,0.00%,0B,80GiB,0.00%
2026-05-20 21:57:19.251,vllm-server,87.53%,3.00%,1.143GiB,1007GiB,0.11%,14.56GiB,1007GiB,1.45%,25.23kB,7.14kB,0B,0B,1,0.00%,0B,80GiB,0.00%
2026-05-20 21:57:19.416,vllm-server,113.95%,2.94%,1.144GiB,1007GiB,0.11%,14.55GiB,1007GiB,1.44%,25.23kB,7.14kB,0B,0B,1,0.00%,0B,80GiB,0.00%
2026-05-20 21:57:19.604,vllm-server,99.52%,3.23%,1.149GiB,1007GiB,0.11%,14.56GiB,1007GiB,1.44%,25.3kB,7.192kB,0B,0B,1,0.00%,0B,80GiB,0.00%
2026-05-20 21:57:19.790,vllm-server,88.35%,2.54%,1.15GiB,1007GiB,0.11%,14.56GiB,1007GiB,1.44%,25.3kB,7.192kB,0B,0B,1,0.00%,0B,80GiB,0.00%
2026-05-20 21:57:19.955,vllm-server,111.31%,2.75%,1.152GiB,1007GiB,0.11%,14.56GiB,1007GiB,1.44%,25.3kB,7.192kB,0B,0B,1,0.00%,0B,80GiB,0.00%
2026-05-20 21:57:20.140,vllm-server,99.45%,2.72%,1.156GiB,1007GiB,0.11%,14.56GiB,1007GiB,1.45%,25.3kB,7.192kB,0B,0B,1,0.00%,0B,80GiB,0.00%
2026-05-20 21:57:20.324,vllm-server,99.96%,3.29%,1.162GiB,1007GiB,0.12%,14.57GiB,1007GiB,1.45%,25.3kB,7.192kB,0B,0B,1,0.00%,0B,80GiB,0.00%
2026-05-20 21:57:20.505,vllm-server,98.94%,2.51%,1.168GiB,1007GiB,0.12%,14.58GiB,1007GiB,1.45%,25.3kB,7.192kB,0B,0B,1,0.00%,0B,80GiB,0.00%
2026-05-20 21:57:20.692,vllm-server,92.03%,3.26%,1.169GiB,1007GiB,0.12%,14.58GiB,1007GiB,1.45%,25.38kB,7.245kB,0B,0B,1,0.00%,0B,80GiB,0.00%
2026-05-20 21:57:20.860,vllm-server,112.07%,3.17%,1.169GiB,1007GiB,0.12%,14.57GiB,1007GiB,1.45%,25.38kB,7.245kB,0B,0B,1,0.00%,0B,80GiB,0.00%
2026-05-20 21:57:21.046,vllm-server,88.10%,2.54%,1.169GiB,1007GiB,0.12%,14.57GiB,1007GiB,1.45%,25.38kB,7.245kB,0B,0B,1,0.00%,0B,80GiB,0.00%
2026-05-20 21:57:21.213,vllm-server,100.94%,2.99%,1.169GiB,1007GiB,0.12%,14.56GiB,1007GiB,1.44%,25.38kB,7.245kB,0B,0B,1,0.00%,0B,80GiB,0.00%
2026-05-20 21:57:21.379,vllm-server,122.21%,3.36%,1.162GiB,1007GiB,0.12%,14.57GiB,1007GiB,1.45%,25.38kB,7.245kB,0B,0B,1,0.00%,0B,80GiB,0.00%
2026-05-20 21:57:21.582,vllm-server,122.01%,2.57%,659.5MiB,1007GiB,0.06%,14.05GiB,1007GiB,1.39%,25.45kB,7.298kB,0B,0B,1,0.00%,0B,80GiB,0.00%
2026-05-20 21:57:21.810,vllm-server,82.45%,3.31%,677.8MiB,1007GiB,0.07%,14.05GiB,1007GiB,1.39%,25.45kB,7.298kB,0B,0B,1,0.00%,0B,80GiB,0.00%
2026-05-20 21:57:21.999,vllm-server,101.02%,3.21%,688.3MiB,1007GiB,0.07%,14.08GiB,1007GiB,1.40%,25.45kB,7.298kB,0B,0B,1,0.00%,0B,80GiB,0.00%
2026-05-20 21:57:22.190,vllm-server,88.40%,3.20%,694.8MiB,1007GiB,0.07%,14.07GiB,1007GiB,1.40%,25.45kB,7.298kB,0B,0B,1,0.00%,0B,80GiB,0.00%
2026-05-20 21:57:22.354,vllm-server,99.75%,3.05%,702.6MiB,1007GiB,0.07%,14.09GiB,1007GiB,1.40%,25.45kB,7.298kB,0B,0B,1,0.00%,0B,80GiB,0.00%
2026-05-20 21:57:22.519,vllm-server,99.01%,2.83%,706MiB,1007GiB,0.07%,14.08GiB,1007GiB,1.40%,25.45kB,7.298kB,0B,0B,1,0.00%,0B,80GiB,0.00%
2026-05-20 21:57:22.682,vllm-server,53.55%,2.53%,710.2MiB,1007GiB,0.07%,14.09GiB,1007GiB,1.40%,33.9kB,9.451kB,0B,0B,1,0.00%,0B,80GiB,0.00%
2026-05-20 21:57:22.868,vllm-server,2.08%,1.17%,709.9MiB,1007GiB,0.07%,14.09GiB,1007GiB,1.40%,38.4kB,10.7kB,0B,0B,1,0.00%,0B,80GiB,0.00%
2026-05-20 21:57:23.075,vllm-server,48.23%,1.14%,716MiB,1007GiB,0.07%,14.09GiB,1007GiB,1.40%,376.8kB,23.89kB,0B,0B,1,0.00%,0B,80GiB,0.00%
2026-05-20 21:57:23.303,vllm-server,84.25%,2.47%,721.7MiB,1007GiB,0.07%,14.11GiB,1007GiB,1.40%,376.8kB,23.89kB,0B,0B,1,0.00%,0B,80GiB,0.00%
2026-05-20 21:57:23.489,vllm-server,96.73%,2.53%,729MiB,1007GiB,0.07%,14.11GiB,1007GiB,1.40%,376.8kB,24.35kB,0B,0B,1,0.00%,0B,80GiB,0.00%
2026-05-20 21:57:23.673,vllm-server,13.20%,1.87%,728.9MiB,1007GiB,0.07%,14.12GiB,1007GiB,1.40%,382.8kB,26.49kB,0B,0B,1,0.00%,0B,80GiB,0.00%
2026-05-20 21:57:23.880,vllm-server,4.06%,1.73%,729MiB,1007GiB,0.07%,14.14GiB,1007GiB,1.40%,390kB,28.85kB,0B,0B,1,0.00%,0B,80GiB,0.00%
2026-05-20 21:57:24.111,vllm-server,45.71%,1.49%,824.4MiB,1007GiB,0.08%,14.17GiB,1007GiB,1.41%,393.3kB,28.97kB,0B,0B,1,0.00%,0B,80GiB,0.00%
2026-05-20 21:57:24.296,vllm-server,102.06%,2.56%,983.1MiB,1007GiB,0.10%,14.33GiB,1007GiB,1.42%,393.3kB,28.97kB,0B,0B,1,0.00%,0B,80GiB,0.00%
2026-05-20 21:57:24.481,vllm-server,107.70%,2.78%,977.5MiB,1007GiB,0.09%,14.4GiB,1007GiB,1.43%,393.3kB,28.97kB,0B,0B,1,0.00%,0B,80GiB,0.00%
2026-05-20 21:57:24.678,vllm-server,109.61%,2.47%,950.8MiB,1007GiB,0.09%,14.39GiB,1007GiB,1.43%,393.4kB,29.03kB,0B,0B,1,0.00%,0B,80GiB,0.00%
2026-05-20 21:57:24.900,vllm-server,92.25%,3.96%,955.2MiB,1007GiB,0.09%,14.39GiB,1007GiB,1.43%,393.4kB,29.03kB,0B,0B,1,0.00%,0B,80GiB,0.00%
2026-05-20 21:57:25.103,vllm-server,88.90%,2.70%,1.033GiB,1007GiB,0.10%,14.47GiB,1007GiB,1.44%,393.4kB,29.03kB,0B,0B,1,0.00%,0B,80GiB,0.00%
2026-05-20 21:57:25.284,vllm-server,101.32%,2.67%,1.036GiB,1007GiB,0.10%,14.47GiB,1007GiB,1.44%,393.4kB,29.03kB,0B,0B,1,0.00%,0B,80GiB,0.00%
2026-05-20 21:57:25.465,vllm-server,58.00%,2.42%,1.036GiB,1007GiB,0.10%,14.47GiB,1007GiB,1.44%,404.1kB,29.63kB,0B,0B,1,0.00%,0B,80GiB,0.00%
2026-05-20 21:57:25.649,vllm-server,93.80%,1.88%,1.056GiB,1007GiB,0.10%,14.49GiB,1007GiB,1.44%,404.1kB,30.11kB,0B,0B,1,0.00%,0B,80GiB,0.00%
2026-05-20 21:57:25.828,vllm-server,0.00%,2.26%,1.055GiB,1007GiB,0.10%,14.51GiB,1007GiB,1.44%,407kB,30.75kB,0B,0B,1,0.00%,0B,80GiB,0.00%
2026-05-20 21:57:26.016,vllm-server,104.52%,2.91%,1.196GiB,1007GiB,0.12%,14.61GiB,1007GiB,1.45%,407kB,30.82kB,0B,0B,1,0.00%,0B,80GiB,0.00%
2026-05-20 21:57:26.197,vllm-server,541.50%,2.69%,1.26GiB,1007GiB,0.13%,14.69GiB,1007GiB,1.46%,407kB,30.82kB,0B,0B,1,0.00%,0B,80GiB,0.00%
2026-05-20 21:57:26.404,vllm-server,2111.74%,40.17%,1.287GiB,1007GiB,0.13%,14.74GiB,1007GiB,1.46%,407kB,30.82kB,0B,0B,1,0.00%,0B,80GiB,0.00%
2026-05-20 21:57:26.590,vllm-server,109.88%,2.54%,1.31GiB,1007GiB,0.13%,14.75GiB,1007GiB,1.46%,407kB,30.82kB,0B,0B,1,0.00%,0B,80GiB,0.00%
2026-05-20 21:57:26.793,vllm-server,90.54%,2.69%,1.319GiB,1007GiB,0.13%,14.77GiB,1007GiB,1.47%,407.1kB,30.87kB,0B,0B,1,0.00%,0B,80GiB,0.00%
2026-05-20 21:57:26.969,vllm-server,99.68%,2.94%,1.333GiB,1007GiB,0.13%,14.78GiB,1007GiB,1.47%,407.1kB,30.87kB,0B,0B,1,0.00%,0B,80GiB,0.00%
2026-05-20 21:57:27.152,vllm-server,103.00%,2.48%,1.356GiB,1007GiB,0.13%,14.79GiB,1007GiB,1.47%,407.1kB,30.87kB,0B,0B,1,0.00%,0B,80GiB,0.00%
2026-05-20 21:57:27.336,vllm-server,89.13%,2.91%,1.372GiB,1007GiB,0.14%,14.8GiB,1007GiB,1.47%,407.1kB,30.87kB,0B,0B,1,0.00%,0B,80GiB,0.00%
2026-05-20 21:57:27.504,vllm-server,97.40%,2.88%,1.38GiB,1007GiB,0.14%,14.8GiB,1007GiB,1.47%,407.1kB,30.87kB,0B,0B,1,0.00%,0B,80GiB,0.00%
2026-05-20 21:57:27.668,vllm-server,124.87%,3.25%,1.391GiB,1007GiB,0.14%,14.79GiB,1007GiB,1.47%,407.1kB,30.87kB,0B,0B,1,0.00%,0B,80GiB,0.00%
2026-05-20 21:57:27.871,vllm-server,428.69%,3.85%,1.418GiB,1007GiB,0.14%,14.79GiB,1007GiB,1.47%,407.2kB,30.92kB,0B,0B,1,0.00%,0B,80GiB,0.00%
2026-05-20 21:57:28.052,vllm-server,2136.62%,40.52%,1.423GiB,1007GiB,0.14%,14.81GiB,1007GiB,1.47%,407.2kB,30.92kB,0B,0B,1,0.00%,0B,80GiB,0.00%
2026-05-20 21:57:28.241,vllm-server,101.61%,2.56%,1.43GiB,1007GiB,0.14%,14.82GiB,1007GiB,1.47%,407.2kB,30.92kB,0B,0B,1,0.00%,0B,80GiB,0.00%
2026-05-20 21:57:28.431,vllm-server,98.23%,2.71%,1.436GiB,1007GiB,0.14%,14.84GiB,1007GiB,1.47%,407.2kB,30.92kB,0B,0B,1,0.00%,0B,80GiB,0.00%
2026-05-20 21:57:28.618,vllm-server,90.42%,2.78%,1.435GiB,1007GiB,0.14%,14.84GiB,1007GiB,1.47%,407.2kB,30.92kB,0B,0B,1,0.00%,0B,80GiB,0.00%
2026-05-20 21:57:28.783,vllm-server,115.46%,2.83%,1.435GiB,1007GiB,0.14%,14.84GiB,1007GiB,1.47%,407.2kB,30.97kB,0B,0B,1,0.00%,0B,80GiB,0.00%
2026-05-20 21:57:28.973,vllm-server,107.28%,3.05%,1.438GiB,1007GiB,0.14%,14.86GiB,1007GiB,1.47%,407.2kB,30.97kB,0B,0B,1,0.00%,0B,80GiB,0.00%
2026-05-20 21:57:29.178,vllm-server,89.66%,2.53%,1.446GiB,1007GiB,0.14%,14.86GiB,1007GiB,1.48%,407.2kB,30.97kB,0B,0B,1,0.00%,0B,80GiB,0.00%
2026-05-20 21:57:29.366,vllm-server,100.40%,3.50%,1.453GiB,1007GiB,0.14%,14.86GiB,1007GiB,1.47%,407.2kB,30.97kB,0B,0B,1,0.00%,0B,80GiB,0.00%
2026-05-20 21:57:29.551,vllm-server,99.32%,2.70%,1.468GiB,1007GiB,0.15%,14.87GiB,1007GiB,1.48%,407.2kB,30.97kB,0B,0B,1,0.00%,0B,80GiB,0.00%
2026-05-20 21:57:29.733,vllm-server,109.95%,2.66%,1.499GiB,1007GiB,0.15%,14.9GiB,1007GiB,1.48%,407.2kB,30.97kB,0B,0B,1,0.00%,0B,80GiB,0.00%
2026-05-20 21:57:29.935,vllm-server,61.95%,2.41%,1.507GiB,1007GiB,0.15%,14.93GiB,1007GiB,1.48%,407.3kB,31.03kB,0B,0B,1,0.00%,0B,80GiB,0.00%
2026-05-20 21:57:30.097,vllm-server,110.97%,2.90%,1.508GiB,1007GiB,0.15%,14.92GiB,1007GiB,1.48%,407.3kB,31.03kB,0B,0B,1,0.00%,0B,80GiB,0.00%
2026-05-20 21:57:30.276,vllm-server,100.17%,2.61%,1.516GiB,1007GiB,0.15%,14.91GiB,1007GiB,1.48%,407.4kB,31.03kB,0B,0B,1,0.00%,0B,80GiB,0.00%
2026-05-20 21:57:30.459,vllm-server,88.07%,2.57%,1.522GiB,1007GiB,0.15%,14.92GiB,1007GiB,1.48%,407.4kB,31.03kB,0B,0B,1,0.00%,0B,80GiB,0.00%
2026-05-20 21:57:30.640,vllm-server,108.42%,3.31%,1.541GiB,1007GiB,0.15%,14.91GiB,1007GiB,1.48%,407.4kB,31.03kB,0B,0B,1,0.00%,0B,80GiB,0.00%
2026-05-20 21:57:30.837,vllm-server,91.12%,3.25%,1.553GiB,1007GiB,0.15%,14.95GiB,1007GiB,1.48%,407.4kB,31.03kB,0B,0B,1,0.00%,0B,80GiB,0.00%
2026-05-20 21:57:31.012,vllm-server,89.23%,3.32%,1.559GiB,1007GiB,0.15%,14.97GiB,1007GiB,1.49%,407.5kB,31.08kB,0B,0B,1,0.00%,0B,80GiB,0.00%
2026-05-20 21:57:31.174,vllm-server,113.76%,2.42%,1.569GiB,1007GiB,0.16%,14.99GiB,1007GiB,1.49%,407.5kB,31.08kB,0B,0B,1,0.00%,0B,80GiB,0.00%
2026-05-20 21:57:31.360,vllm-server,98.83%,2.70%,1.579GiB,1007GiB,0.16%,15GiB,1007GiB,1.49%,407.5kB,31.08kB,0B,0B,1,0.00%,0B,80GiB,0.00%
2026-05-20 21:57:31.537,vllm-server,99.44%,2.65%,1.586GiB,1007GiB,0.16%,15.01GiB,1007GiB,1.49%,407.5kB,31.08kB,0B,0B,1,0.00%,0B,80GiB,0.00%
2026-05-20 21:57:31.720,vllm-server,100.67%,2.91%,1.598GiB,1007GiB,0.16%,15.02GiB,1007GiB,1.49%,407.5kB,31.08kB,0B,0B,1,0.00%,0B,80GiB,0.00%
2026-05-20 21:57:31.900,vllm-server,99.58%,2.60%,1.606GiB,1007GiB,0.16%,15.03GiB,1007GiB,1.49%,407.5kB,31.13kB,0B,0B,1,0.00%,0B,80GiB,0.00%
2026-05-20 21:57:32.086,vllm-server,74.22%,2.79%,1.609GiB,1007GiB,0.16%,15.01GiB,1007GiB,1.49%,407.5kB,31.13kB,0B,0B,1,0.00%,4MiB,80GiB,0.00%
2026-05-20 21:57:32.252,vllm-server,139.61%,2.44%,1.61GiB,1007GiB,0.16%,15.02GiB,1007GiB,1.49%,407.5kB,31.13kB,0B,0B,1,0.00%,20MiB,80GiB,0.02%
2026-05-20 21:57:32.485,vllm-server,69.45%,2.56%,1.644GiB,1007GiB,0.16%,15.1GiB,1007GiB,1.50%,407.5kB,31.13kB,0B,0B,1,3.00%,425MiB,80GiB,0.52%
2026-05-20 21:57:32.649,vllm-server,351.27%,6.30%,1.682GiB,1007GiB,0.17%,15.12GiB,1007GiB,1.50%,407.5kB,31.13kB,0B,0B,1,5.00%,533MiB,80GiB,0.65%
2026-05-20 21:57:32.835,vllm-server,130.48%,2.71%,1.784GiB,1007GiB,0.18%,15.13GiB,1007GiB,1.50%,407.5kB,31.13kB,0B,0B,1,0.00%,1.601GiB,80GiB,2.00%
2026-05-20 21:57:33.020,vllm-server,186.92%,5.18%,1.856GiB,1007GiB,0.18%,15.27GiB,1007GiB,1.52%,407.6kB,31.18kB,0B,0B,1,0.00%,1.747GiB,80GiB,2.18%
2026-05-20 21:57:33.201,vllm-server,199.66%,4.24%,1.864GiB,1007GiB,0.19%,15.27GiB,1007GiB,1.52%,407.6kB,31.18kB,0B,0B,1,1.00%,1.747GiB,80GiB,2.18%
2026-05-20 21:57:33.382,vllm-server,199.68%,4.25%,1.872GiB,1007GiB,0.19%,15.29GiB,1007GiB,1.52%,407.6kB,31.18kB,0B,0B,1,0.00%,13.3GiB,80GiB,16.62%
2026-05-20 21:57:33.563,vllm-server,140.53%,4.14%,1.874GiB,1007GiB,0.19%,15.29GiB,1007GiB,1.52%,415.9kB,33.01kB,0B,0B,1,4.00%,14.38GiB,80GiB,17.97%
2026-05-20 21:57:33.744,vllm-server,105.05%,4.08%,1.874GiB,1007GiB,0.19%,15.29GiB,1007GiB,1.52%,429.5kB,33.97kB,0B,0B,1,0.00%,14.38GiB,80GiB,17.97%
2026-05-20 21:57:33.925,vllm-server,119.57%,2.67%,1.869GiB,1007GiB,0.19%,15.3GiB,1007GiB,1.52%,444.8kB,35.95kB,0B,0B,1,0.00%,14.38GiB,80GiB,17.97%
2026-05-20 21:57:34.128,vllm-server,97.25%,2.95%,1.872GiB,1007GiB,0.19%,15.32GiB,1007GiB,1.52%,450.1kB,38.45kB,0B,0B,1,7.00%,14.75GiB,80GiB,18.44%
2026-05-20 21:57:34.305,vllm-server,90.83%,2.65%,1.874GiB,1007GiB,0.19%,15.33GiB,1007GiB,1.52%,450.1kB,38.45kB,0B,0B,1,40.00%,14.75GiB,80GiB,18.44%
2026-05-20 21:57:34.461,vllm-server,113.68%,2.81%,1.876GiB,1007GiB,0.19%,15.33GiB,1007GiB,1.52%,450.1kB,38.45kB,0B,0B,1,40.00%,14.75GiB,80GiB,18.44%
2026-05-20 21:57:34.639,vllm-server,101.55%,2.63%,1.878GiB,1007GiB,0.19%,15.35GiB,1007GiB,1.52%,450.1kB,38.45kB,0B,0B,1,40.00%,14.75GiB,80GiB,18.44%
2026-05-20 21:57:34.819,vllm-server,100.75%,2.53%,1.88GiB,1007GiB,0.19%,15.37GiB,1007GiB,1.53%,450.1kB,38.45kB,0B,0B,1,40.00%,14.75GiB,80GiB,18.44%
2026-05-20 21:57:35.000,vllm-server,89.48%,2.68%,1.871GiB,1007GiB,0.19%,15.36GiB,1007GiB,1.52%,450.2kB,38.5kB,0B,0B,1,38.00%,14.75GiB,80GiB,18.44%
2026-05-20 21:57:35.160,vllm-server,125.52%,3.05%,1.874GiB,1007GiB,0.19%,15.34GiB,1007GiB,1.52%,450.2kB,38.5kB,0B,0B,1,13.00%,14.75GiB,80GiB,18.44%
2026-05-20 21:57:35.357,vllm-server,90.00%,2.38%,1.875GiB,1007GiB,0.19%,15.36GiB,1007GiB,1.52%,450.2kB,38.5kB,0B,0B,1,36.00%,14.75GiB,80GiB,18.44%
2026-05-20 21:57:35.534,vllm-server,100.26%,2.48%,1.877GiB,1007GiB,0.19%,15.35GiB,1007GiB,1.52%,450.2kB,38.5kB,0B,0B,1,41.00%,14.75GiB,80GiB,18.44%
2026-05-20 21:57:35.711,vllm-server,102.45%,2.40%,1.879GiB,1007GiB,0.19%,15.36GiB,1007GiB,1.52%,450.2kB,38.5kB,0B,0B,1,40.00%,14.75GiB,80GiB,18.44%
2026-05-20 21:57:35.887,vllm-server,89.19%,3.02%,1.88GiB,1007GiB,0.19%,15.35GiB,1007GiB,1.52%,450.2kB,38.5kB,0B,0B,1,25.00%,14.75GiB,80GiB,18.44%
2026-05-20 21:57:36.048,vllm-server,127.69%,2.72%,1.873GiB,1007GiB,0.19%,15.34GiB,1007GiB,1.52%,450.3kB,38.55kB,0B,0B,1,26.00%,14.75GiB,80GiB,18.44%
2026-05-20 21:57:36.253,vllm-server,88.70%,3.13%,1.875GiB,1007GiB,0.19%,15.35GiB,1007GiB,1.52%,450.3kB,38.55kB,0B,0B,1,39.00%,14.75GiB,80GiB,18.44%
2026-05-20 21:57:36.429,vllm-server,100.19%,2.49%,1.877GiB,1007GiB,0.19%,15.35GiB,1007GiB,1.52%,450.3kB,38.55kB,0B,0B,1,39.00%,14.75GiB,80GiB,18.44%
2026-05-20 21:57:36.606,vllm-server,100.43%,3.73%,1.878GiB,1007GiB,0.19%,15.35GiB,1007GiB,1.52%,450.3kB,38.55kB,0B,0B,1,39.00%,14.75GiB,80GiB,18.44%
2026-05-20 21:57:36.789,vllm-server,98.89%,2.90%,1.892GiB,1007GiB,0.19%,15.37GiB,1007GiB,1.53%,450.3kB,38.55kB,0B,0B,1,33.00%,15.04GiB,80GiB,18.80%
2026-05-20 21:57:36.964,vllm-server,106.08%,2.69%,1.892GiB,1007GiB,0.19%,15.37GiB,1007GiB,1.53%,450.3kB,38.55kB,0B,0B,1,19.00%,15.04GiB,80GiB,18.80%
2026-05-20 21:57:37.152,vllm-server,100.35%,3.82%,1.892GiB,1007GiB,0.19%,15.37GiB,1007GiB,1.53%,450.4kB,38.6kB,0B,0B,1,39.00%,15.04GiB,80GiB,18.80%
2026-05-20 21:57:37.342,vllm-server,97.98%,2.64%,1.892GiB,1007GiB,0.19%,15.36GiB,1007GiB,1.53%,450.4kB,38.6kB,0B,0B,1,21.00%,15.04GiB,80GiB,18.80%
2026-05-20 21:57:37.524,vllm-server,101.66%,3.25%,1.892GiB,1007GiB,0.19%,15.37GiB,1007GiB,1.53%,450.4kB,38.6kB,0B,0B,1,8.00%,14.44GiB,80GiB,18.05%
2026-05-20 21:57:37.706,vllm-server,101.58%,2.67%,1.892GiB,1007GiB,0.19%,15.39GiB,1007GiB,1.53%,450.4kB,38.6kB,0B,0B,1,0.00%,14.44GiB,80GiB,18.05%
2026-05-20 21:57:37.890,vllm-server,98.88%,2.57%,1.919GiB,1007GiB,0.19%,15.41GiB,1007GiB,1.53%,450.4kB,38.6kB,0B,0B,1,0.00%,14.44GiB,80GiB,18.05%
2026-05-20 21:57:38.070,vllm-server,100.38%,2.86%,1.918GiB,1007GiB,0.19%,15.42GiB,1007GiB,1.53%,450.4kB,38.66kB,0B,0B,1,0.00%,14.44GiB,80GiB,18.05%
2026-05-20 21:57:38.250,vllm-server,103.25%,2.88%,1.92GiB,1007GiB,0.19%,15.41GiB,1007GiB,1.53%,450.4kB,38.66kB,0B,0B,1,0.00%,14.44GiB,80GiB,18.05%
2026-05-20 21:57:38.438,vllm-server,98.09%,2.83%,1.921GiB,1007GiB,0.19%,15.4GiB,1007GiB,1.53%,450.4kB,38.66kB,0B,0B,1,0.00%,14.44GiB,80GiB,18.05%
2026-05-20 21:57:38.622,vllm-server,101.18%,2.72%,1.93GiB,1007GiB,0.19%,15.41GiB,1007GiB,1.53%,450.4kB,38.66kB,0B,0B,1,0.00%,14.44GiB,80GiB,18.05%
2026-05-20 21:57:38.799,vllm-server,101.85%,2.98%,1.93GiB,1007GiB,0.19%,15.41GiB,1007GiB,1.53%,450.4kB,38.66kB,0B,0B,1,0.00%,14.44GiB,80GiB,18.05%
2026-05-20 21:57:38.983,vllm-server,103.20%,2.65%,1.93GiB,1007GiB,0.19%,15.42GiB,1007GiB,1.53%,450.4kB,38.66kB,0B,0B,1,0.00%,14.44GiB,80GiB,18.05%
2026-05-20 21:57:39.173,vllm-server,106.26%,3.04%,1.93GiB,1007GiB,0.19%,15.41GiB,1007GiB,1.53%,450.5kB,38.71kB,0B,0B,1,0.00%,14.44GiB,80GiB,18.05%
2026-05-20 21:57:39.376,vllm-server,83.15%,2.78%,1.93GiB,1007GiB,0.19%,15.39GiB,1007GiB,1.53%,450.5kB,38.71kB,0B,0B,1,0.00%,14.44GiB,80GiB,18.05%
2026-05-20 21:57:39.540,vllm-server,113.36%,4.22%,1.93GiB,1007GiB,0.19%,15.39GiB,1007GiB,1.53%,450.5kB,38.71kB,0B,0B,1,0.00%,14.44GiB,80GiB,18.05%
2026-05-20 21:57:39.721,vllm-server,100.16%,2.93%,1.93GiB,1007GiB,0.19%,15.41GiB,1007GiB,1.53%,450.5kB,38.71kB,0B,0B,1,0.00%,14.44GiB,80GiB,18.05%
2026-05-20 21:57:39.901,vllm-server,109.70%,2.79%,1.93GiB,1007GiB,0.19%,15.41GiB,1007GiB,1.53%,450.5kB,38.71kB,0B,0B,1,0.00%,14.44GiB,80GiB,18.05%
2026-05-20 21:57:40.100,vllm-server,93.02%,2.60%,1.931GiB,1007GiB,0.19%,15.42GiB,1007GiB,1.53%,450.5kB,38.71kB,0B,0B,1,0.00%,14.44GiB,80GiB,18.05%
2026-05-20 21:57:40.284,vllm-server,101.06%,3.48%,1.932GiB,1007GiB,0.19%,15.41GiB,1007GiB,1.53%,450.6kB,38.76kB,0B,0B,1,0.00%,14.44GiB,80GiB,18.05%
2026-05-20 21:57:40.465,vllm-server,89.10%,3.30%,1.933GiB,1007GiB,0.19%,15.43GiB,1007GiB,1.53%,450.6kB,38.76kB,0B,0B,1,0.00%,14.44GiB,80GiB,18.05%
2026-05-20 21:57:40.634,vllm-server,126.82%,2.88%,1.934GiB,1007GiB,0.19%,15.42GiB,1007GiB,1.53%,450.6kB,38.76kB,0B,0B,1,0.00%,14.44GiB,80GiB,18.05%
2026-05-20 21:57:40.838,vllm-server,92.57%,2.61%,1.935GiB,1007GiB,0.19%,15.43GiB,1007GiB,1.53%,450.6kB,38.76kB,0B,0B,1,0.00%,14.44GiB,80GiB,18.05%
2026-05-20 21:57:41.027,vllm-server,98.29%,2.73%,1.936GiB,1007GiB,0.19%,15.43GiB,1007GiB,1.53%,450.6kB,38.76kB,0B,0B,1,0.00%,14.44GiB,80GiB,18.05%
2026-05-20 21:57:41.211,vllm-server,100.99%,2.74%,1.936GiB,1007GiB,0.19%,15.43GiB,1007GiB,1.53%,450.7kB,38.81kB,0B,0B,1,0.00%,14.44GiB,80GiB,18.05%
2026-05-20 21:57:41.392,vllm-server,108.50%,4.41%,1.936GiB,1007GiB,0.19%,15.44GiB,1007GiB,1.53%,450.7kB,38.81kB,0B,0B,1,0.00%,14.44GiB,80GiB,18.05%
2026-05-20 21:57:41.593,vllm-server,92.37%,2.50%,1.937GiB,1007GiB,0.19%,15.43GiB,1007GiB,1.53%,450.7kB,38.81kB,0B,0B,1,0.00%,14.44GiB,80GiB,18.05%
2026-05-20 21:57:41.774,vllm-server,100.20%,2.60%,1.955GiB,1007GiB,0.19%,15.44GiB,1007GiB,1.53%,450.7kB,38.81kB,0B,0B,1,0.00%,14.44GiB,80GiB,18.05%
2026-05-20 21:57:41.956,vllm-server,101.84%,2.49%,1.955GiB,1007GiB,0.19%,15.45GiB,1007GiB,1.53%,450.7kB,38.81kB,0B,0B,1,0.00%,14.44GiB,80GiB,18.05%
2026-05-20 21:57:42.136,vllm-server,111.89%,2.53%,1.956GiB,1007GiB,0.19%,15.45GiB,1007GiB,1.53%,450.7kB,38.81kB,0B,0B,1,0.00%,14.44GiB,80GiB,18.05%
2026-05-20 21:57:42.342,vllm-server,107.73%,3.12%,1.957GiB,1007GiB,0.19%,15.45GiB,1007GiB,1.53%,450.7kB,38.87kB,0B,0B,1,0.00%,14.44GiB,80GiB,18.05%
2026-05-20 21:57:42.561,vllm-server,82.67%,3.71%,1.958GiB,1007GiB,0.19%,15.44GiB,1007GiB,1.53%,450.7kB,38.87kB,0B,0B,1,0.00%,14.44GiB,80GiB,18.05%
2026-05-20 21:57:42.740,vllm-server,92.22%,2.71%,1.958GiB,1007GiB,0.19%,15.43GiB,1007GiB,1.53%,450.7kB,38.87kB,0B,0B,1,0.00%,14.44GiB,80GiB,18.05%
2026-05-20 21:57:42.905,vllm-server,100.44%,2.66%,1.962GiB,1007GiB,0.19%,15.41GiB,1007GiB,1.53%,450.7kB,38.87kB,0B,0B,1,0.00%,14.44GiB,80GiB,18.05%
2026-05-20 21:57:43.069,vllm-server,127.91%,2.97%,1.967GiB,1007GiB,0.20%,15.41GiB,1007GiB,1.53%,450.7kB,38.87kB,0B,0B,1,0.00%,14.44GiB,80GiB,18.05%
2026-05-20 21:57:43.276,vllm-server,89.58%,2.64%,1.967GiB,1007GiB,0.20%,15.42GiB,1007GiB,1.53%,450.8kB,38.92kB,0B,0B,1,0.00%,14.44GiB,80GiB,18.05%
2026-05-20 21:57:43.457,vllm-server,119.91%,3.45%,1.99GiB,1007GiB,0.20%,15.41GiB,1007GiB,1.53%,450.8kB,38.92kB,0B,0B,1,0.00%,14.44GiB,80GiB,18.05%
2026-05-20 21:57:43.677,vllm-server,84.53%,2.64%,1.972GiB,1007GiB,0.20%,15.4GiB,1007GiB,1.53%,450.8kB,38.92kB,0B,0B,1,0.00%,14.44GiB,80GiB,18.05%
2026-05-20 21:57:43.860,vllm-server,101.31%,2.82%,1.985GiB,1007GiB,0.20%,15.42GiB,1007GiB,1.53%,450.8kB,38.92kB,0B,0B,1,0.00%,14.44GiB,80GiB,18.05%
2026-05-20 21:57:44.046,vllm-server,100.46%,2.54%,1.989GiB,1007GiB,0.20%,15.43GiB,1007GiB,1.53%,450.8kB,38.92kB,0B,0B,1,0.00%,14.48GiB,80GiB,18.10%
2026-05-20 21:57:44.225,vllm-server,102.67%,2.61%,1.978GiB,1007GiB,0.20%,15.44GiB,1007GiB,1.53%,450.8kB,38.92kB,0B,0B,1,10.00%,14.52GiB,80GiB,18.15%
2026-05-20 21:57:44.412,vllm-server,98.94%,4.08%,1.987GiB,1007GiB,0.20%,15.44GiB,1007GiB,1.53%,450.9kB,39.01kB,0B,0B,1,15.00%,14.52GiB,80GiB,18.15%
2026-05-20 21:57:44.594,vllm-server,100.11%,2.51%,1.99GiB,1007GiB,0.20%,15.43GiB,1007GiB,1.53%,450.9kB,39.01kB,0B,0B,1,0.00%,14.52GiB,80GiB,18.15%
2026-05-20 21:57:44.773,vllm-server,89.96%,2.62%,1.979GiB,1007GiB,0.20%,15.44GiB,1007GiB,1.53%,450.9kB,39.01kB,0B,0B,1,18.00%,14.52GiB,80GiB,18.15%
2026-05-20 21:57:44.939,vllm-server,113.46%,2.83%,1.981GiB,1007GiB,0.20%,15.44GiB,1007GiB,1.53%,450.9kB,39.01kB,0B,0B,1,0.00%,14.52GiB,80GiB,18.15%
2026-05-20 21:57:45.123,vllm-server,101.17%,2.57%,1.983GiB,1007GiB,0.20%,15.45GiB,1007GiB,1.53%,450.9kB,39.01kB,0B,0B,1,0.00%,14.52GiB,80GiB,18.15%
2026-05-20 21:57:45.307,vllm-server,124.25%,2.79%,1.999GiB,1007GiB,0.20%,15.47GiB,1007GiB,1.54%,451kB,39.07kB,0B,0B,1,12.00%,15.6GiB,80GiB,19.50%
2026-05-20 21:57:45.533,vllm-server,82.17%,4.17%,1.999GiB,1007GiB,0.20%,15.45GiB,1007GiB,1.53%,451kB,39.07kB,0B,0B,1,0.00%,15.6GiB,80GiB,19.50%
2026-05-20 21:57:45.721,vllm-server,88.13%,2.76%,2GiB,1007GiB,0.20%,15.44GiB,1007GiB,1.53%,451kB,39.07kB,0B,0B,1,0.00%,15.6GiB,80GiB,19.50%
2026-05-20 21:57:45.884,vllm-server,122.83%,2.78%,2.001GiB,1007GiB,0.20%,15.44GiB,1007GiB,1.53%,451kB,39.07kB,0B,0B,1,0.00%,15.6GiB,80GiB,19.50%
2026-05-20 21:57:46.083,vllm-server,93.09%,3.05%,2.002GiB,1007GiB,0.20%,15.44GiB,1007GiB,1.53%,451kB,39.07kB,0B,0B,1,0.00%,15.6GiB,80GiB,19.50%
2026-05-20 21:57:46.265,vllm-server,88.71%,2.67%,2.003GiB,1007GiB,0.20%,15.44GiB,1007GiB,1.53%,451kB,39.07kB,0B,0B,1,0.00%,15.6GiB,80GiB,19.50%
2026-05-20 21:57:46.428,vllm-server,113.65%,3.08%,2.003GiB,1007GiB,0.20%,15.44GiB,1007GiB,1.53%,451.1kB,39.12kB,0B,0B,1,0.00%,15.6GiB,80GiB,19.50%
2026-05-20 21:57:46.614,vllm-server,99.70%,2.62%,2.008GiB,1007GiB,0.20%,15.43GiB,1007GiB,1.53%,451.1kB,39.12kB,0B,0B,1,0.00%,15.6GiB,80GiB,19.50%
2026-05-20 21:57:46.799,vllm-server,113.30%,3.13%,2.006GiB,1007GiB,0.20%,15.43GiB,1007GiB,1.53%,451.1kB,39.12kB,0B,0B,1,0.00%,15.6GiB,80GiB,19.50%
2026-05-20 21:57:47.003,vllm-server,90.18%,2.59%,2.007GiB,1007GiB,0.20%,15.44GiB,1007GiB,1.53%,451.1kB,39.12kB,0B,0B,1,0.00%,15.6GiB,80GiB,19.50%
2026-05-20 21:57:47.192,vllm-server,100.63%,3.23%,2.007GiB,1007GiB,0.20%,15.45GiB,1007GiB,1.53%,451.1kB,39.12kB,0B,0B,1,0.00%,15.6GiB,80GiB,19.50%
2026-05-20 21:57:47.376,vllm-server,124.66%,2.56%,2.007GiB,1007GiB,0.20%,15.44GiB,1007GiB,1.53%,451.1kB,39.17kB,0B,0B,1,16.00%,15.6GiB,80GiB,19.50%
2026-05-20 21:57:47.605,vllm-server,71.95%,2.73%,2.025GiB,1007GiB,0.20%,15.45GiB,1007GiB,1.53%,451.1kB,39.17kB,0B,0B,1,29.00%,15.6GiB,80GiB,19.50%
2026-05-20 21:57:47.766,vllm-server,125.63%,3.12%,2.026GiB,1007GiB,0.20%,15.45GiB,1007GiB,1.53%,451.1kB,39.17kB,0B,0B,1,0.00%,15.6GiB,80GiB,19.50%
2026-05-20 21:57:47.968,vllm-server,81.55%,2.63%,2.026GiB,1007GiB,0.20%,15.44GiB,1007GiB,1.53%,451.1kB,39.17kB,0B,0B,1,0.00%,15.6GiB,80GiB,19.50%
2026-05-20 21:57:48.128,vllm-server,113.74%,2.84%,2.026GiB,1007GiB,0.20%,15.45GiB,1007GiB,1.53%,451.1kB,39.17kB,0B,0B,1,0.00%,15.6GiB,80GiB,19.50%
2026-05-20 21:57:48.311,vllm-server,98.46%,3.16%,2.027GiB,1007GiB,0.20%,15.47GiB,1007GiB,1.54%,451.1kB,39.17kB,0B,0B,1,0.00%,15.6GiB,80GiB,19.50%
2026-05-20 21:57:48.490,vllm-server,123.94%,3.85%,2.027GiB,1007GiB,0.20%,15.47GiB,1007GiB,1.54%,451.2kB,39.22kB,0B,0B,1,0.00%,15.6GiB,80GiB,19.50%
2026-05-20 21:57:48.712,vllm-server,74.44%,2.47%,2.035GiB,1007GiB,0.20%,15.48GiB,1007GiB,1.54%,451.2kB,39.22kB,0B,0B,1,0.00%,15.6GiB,80GiB,19.50%
2026-05-20 21:57:48.871,vllm-server,111.52%,2.76%,2.036GiB,1007GiB,0.20%,15.5GiB,1007GiB,1.54%,451.2kB,39.22kB,0B,0B,1,29.00%,15.6GiB,80GiB,19.50%
2026-05-20 21:57:49.052,vllm-server,102.45%,2.85%,2.038GiB,1007GiB,0.20%,15.5GiB,1007GiB,1.54%,451.2kB,39.22kB,0B,0B,1,0.00%,15.6GiB,80GiB,19.50%
2026-05-20 21:57:49.232,vllm-server,109.42%,3.28%,2.043GiB,1007GiB,0.20%,15.51GiB,1007GiB,1.54%,451.2kB,39.22kB,0B,0B,1,0.00%,15.6GiB,80GiB,19.50%
2026-05-20 21:57:49.433,vllm-server,92.25%,2.57%,2.042GiB,1007GiB,0.20%,15.51GiB,1007GiB,1.54%,451.3kB,39.28kB,0B,0B,1,0.00%,15.6GiB,80GiB,19.50%
2026-05-20 21:57:49.613,vllm-server,89.24%,3.22%,2.042GiB,1007GiB,0.20%,15.51GiB,1007GiB,1.54%,451.3kB,39.28kB,0B,0B,1,0.00%,15.6GiB,80GiB,19.50%
2026-05-20 21:57:49.778,vllm-server,112.34%,2.66%,2.042GiB,1007GiB,0.20%,15.49GiB,1007GiB,1.54%,451.3kB,39.28kB,0B,0B,1,0.00%,15.6GiB,80GiB,19.50%
2026-05-20 21:57:49.961,vllm-server,110.06%,2.74%,2.042GiB,1007GiB,0.20%,15.48GiB,1007GiB,1.54%,451.3kB,39.28kB,0B,0B,1,0.00%,15.6GiB,80GiB,19.50%
2026-05-20 21:57:50.161,vllm-server,92.49%,2.66%,2.043GiB,1007GiB,0.20%,15.48GiB,1007GiB,1.54%,451.3kB,39.28kB,0B,0B,1,0.00%,15.6GiB,80GiB,19.50%
2026-05-20 21:57:50.346,vllm-server,100.51%,2.64%,2.045GiB,1007GiB,0.20%,15.48GiB,1007GiB,1.54%,451.3kB,39.28kB,0B,0B,1,0.00%,15.6GiB,80GiB,19.50%
2026-05-20 21:57:50.527,vllm-server,101.83%,2.84%,2.048GiB,1007GiB,0.20%,15.48GiB,1007GiB,1.54%,451.3kB,39.33kB,0B,0B,1,0.00%,15.6GiB,80GiB,19.50%
2026-05-20 21:57:50.714,vllm-server,101.64%,2.94%,2.05GiB,1007GiB,0.20%,15.47GiB,1007GiB,1.54%,451.3kB,39.33kB,0B,0B,1,0.00%,15.6GiB,80GiB,19.50%
2026-05-20 21:57:50.900,vllm-server,99.37%,2.85%,2.057GiB,1007GiB,0.20%,15.49GiB,1007GiB,1.54%,451.3kB,39.33kB,0B,0B,1,0.00%,15.6GiB,80GiB,19.50%
2026-05-20 21:57:51.079,vllm-server,98.73%,2.62%,2.059GiB,1007GiB,0.20%,15.49GiB,1007GiB,1.54%,451.3kB,39.33kB,0B,0B,1,0.00%,15.6GiB,80GiB,19.50%
2026-05-20 21:57:51.262,vllm-server,123.87%,3.53%,2.237GiB,1007GiB,0.22%,15.59GiB,1007GiB,1.55%,451.3kB,39.33kB,0B,0B,1,0.00%,15.62GiB,80GiB,19.52%
2026-05-20 21:57:51.485,vllm-server,76.01%,3.09%,2.263GiB,1007GiB,0.22%,15.69GiB,1007GiB,1.56%,451.4kB,39.38kB,0B,0B,1,23.00%,14.71GiB,80GiB,18.39%
2026-05-20 21:57:51.653,vllm-server,110.13%,3.35%,2.28GiB,1007GiB,0.23%,15.7GiB,1007GiB,1.56%,451.4kB,39.38kB,0B,0B,1,90.00%,15.09GiB,80GiB,18.86%
2026-05-20 21:57:51.837,vllm-server,102.45%,3.05%,2.28GiB,1007GiB,0.23%,15.69GiB,1007GiB,1.56%,451.4kB,39.38kB,0B,0B,1,12.00%,15.09GiB,80GiB,18.86%
2026-05-20 21:57:52.022,vllm-server,98.55%,2.81%,2.28GiB,1007GiB,0.23%,15.7GiB,1007GiB,1.56%,451.4kB,39.38kB,0B,0B,1,0.00%,15.09GiB,80GiB,18.86%
2026-05-20 21:57:52.205,vllm-server,100.77%,2.64%,2.285GiB,1007GiB,0.23%,15.69GiB,1007GiB,1.56%,451.4kB,39.38kB,0B,0B,1,0.00%,15.09GiB,80GiB,18.86%
2026-05-20 21:57:52.386,vllm-server,89.01%,2.68%,2.285GiB,1007GiB,0.23%,15.71GiB,1007GiB,1.56%,451.4kB,39.38kB,0B,0B,1,0.00%,15.09GiB,80GiB,18.86%
2026-05-20 21:57:52.552,vllm-server,116.42%,3.66%,2.285GiB,1007GiB,0.23%,15.7GiB,1007GiB,1.56%,451.5kB,39.44kB,0B,0B,1,0.00%,15.09GiB,80GiB,18.86%
2026-05-20 21:57:52.741,vllm-server,97.82%,2.98%,2.313GiB,1007GiB,0.23%,15.71GiB,1007GiB,1.56%,451.5kB,39.44kB,0B,0B,1,0.00%,15.09GiB,80GiB,18.86%
2026-05-20 21:57:52.924,vllm-server,101.45%,2.66%,2.313GiB,1007GiB,0.23%,15.71GiB,1007GiB,1.56%,451.5kB,39.44kB,0B,0B,1,0.00%,15.09GiB,80GiB,18.86%
2026-05-20 21:57:53.106,vllm-server,102.01%,2.67%,2.315GiB,1007GiB,0.23%,15.71GiB,1007GiB,1.56%,451.5kB,39.44kB,0B,0B,1,0.00%,15.09GiB,80GiB,18.86%
2026-05-20 21:57:53.293,vllm-server,100.86%,2.76%,2.319GiB,1007GiB,0.23%,15.7GiB,1007GiB,1.56%,451.5kB,39.44kB,0B,0B,1,0.00%,15.09GiB,80GiB,18.86%
2026-05-20 21:57:53.481,vllm-server,100.68%,2.58%,2.321GiB,1007GiB,0.23%,15.72GiB,1007GiB,1.56%,451.5kB,39.44kB,0B,0B,1,0.00%,15.09GiB,80GiB,18.86%
2026-05-20 21:57:53.667,vllm-server,108.32%,3.29%,2.324GiB,1007GiB,0.23%,15.73GiB,1007GiB,1.56%,451.6kB,39.49kB,0B,0B,1,0.00%,15.09GiB,80GiB,18.86%
2026-05-20 21:57:53.868,vllm-server,92.02%,2.80%,2.316GiB,1007GiB,0.23%,15.74GiB,1007GiB,1.56%,451.6kB,39.49kB,0B,0B,1,0.00%,15.09GiB,80GiB,18.86%
2026-05-20 21:57:54.054,vllm-server,110.85%,2.70%,2.327GiB,1007GiB,0.23%,15.74GiB,1007GiB,1.56%,451.6kB,39.49kB,0B,0B,1,0.00%,15.09GiB,80GiB,18.86%
2026-05-20 21:57:54.255,vllm-server,91.58%,3.34%,2.327GiB,1007GiB,0.23%,15.74GiB,1007GiB,1.56%,451.6kB,39.49kB,0B,0B,1,0.00%,15.09GiB,80GiB,18.86%
2026-05-20 21:57:54.441,vllm-server,99.71%,2.78%,2.322GiB,1007GiB,0.23%,15.74GiB,1007GiB,1.56%,451.6kB,39.49kB,0B,0B,1,0.00%,15.09GiB,80GiB,18.86%
2026-05-20 21:57:54.622,vllm-server,102.94%,2.78%,2.382GiB,1007GiB,0.24%,15.77GiB,1007GiB,1.56%,451.6kB,39.54kB,0B,0B,1,0.00%,15.09GiB,80GiB,18.86%
2026-05-20 21:57:54.807,vllm-server,99.74%,4.41%,2.465GiB,1007GiB,0.24%,15.85GiB,1007GiB,1.57%,451.6kB,39.54kB,0B,0B,1,0.00%,15.09GiB,80GiB,18.86%
2026-05-20 21:57:54.993,vllm-server,91.13%,2.79%,2.47GiB,1007GiB,0.25%,15.88GiB,1007GiB,1.58%,451.6kB,39.54kB,0B,0B,1,0.00%,15.09GiB,80GiB,18.86%
2026-05-20 21:57:55.160,vllm-server,111.11%,2.81%,2.477GiB,1007GiB,0.25%,15.87GiB,1007GiB,1.58%,451.6kB,39.54kB,0B,0B,1,0.00%,15.09GiB,80GiB,18.86%
2026-05-20 21:57:55.343,vllm-server,101.06%,2.57%,2.477GiB,1007GiB,0.25%,15.86GiB,1007GiB,1.57%,451.6kB,39.54kB,0B,0B,1,0.00%,15.09GiB,80GiB,18.86%
2026-05-20 21:57:55.524,vllm-server,102.55%,3.28%,2.478GiB,1007GiB,0.25%,15.87GiB,1007GiB,1.57%,451.6kB,39.54kB,0B,0B,1,0.00%,15.09GiB,80GiB,18.86%
2026-05-20 21:57:55.707,vllm-server,108.59%,2.76%,2.479GiB,1007GiB,0.25%,15.88GiB,1007GiB,1.58%,451.7kB,39.59kB,0B,0B,1,0.00%,15.09GiB,80GiB,18.86%
2026-05-20 21:57:55.913,vllm-server,93.60%,2.50%,2.483GiB,1007GiB,0.25%,15.87GiB,1007GiB,1.58%,451.7kB,39.59kB,0B,0B,1,0.00%,15.09GiB,80GiB,18.86%
2026-05-20 21:57:56.098,vllm-server,100.55%,2.72%,2.544GiB,1007GiB,0.25%,15.91GiB,1007GiB,1.58%,451.7kB,39.59kB,0B,0B,1,0.00%,15.09GiB,80GiB,18.86%
2026-05-20 21:57:56.281,vllm-server,99.23%,3.06%,2.58GiB,1007GiB,0.26%,15.97GiB,1007GiB,1.59%,451.7kB,39.59kB,0B,0B,1,0.00%,15.09GiB,80GiB,18.86%
2026-05-20 21:57:56.463,vllm-server,101.56%,2.74%,2.581GiB,1007GiB,0.26%,15.97GiB,1007GiB,1.58%,451.7kB,39.59kB,0B,0B,1,0.00%,15.09GiB,80GiB,18.86%
2026-05-20 21:57:56.644,vllm-server,120.05%,3.04%,2.581GiB,1007GiB,0.26%,15.98GiB,1007GiB,1.59%,451.8kB,39.65kB,0B,0B,1,0.00%,15.09GiB,80GiB,18.86%
2026-05-20 21:57:56.866,vllm-server,85.34%,5.09%,2.581GiB,1007GiB,0.26%,15.98GiB,1007GiB,1.59%,451.8kB,39.65kB,0B,0B,1,0.00%,15.09GiB,80GiB,18.86%
2026-05-20 21:57:57.051,vllm-server,124.51%,2.81%,2.343GiB,1007GiB,0.23%,15.97GiB,1007GiB,1.58%,451.8kB,39.65kB,0B,0B,1,0.00%,15.09GiB,80GiB,18.86%
2026-05-20 21:57:57.280,vllm-server,80.77%,3.49%,2.338GiB,1007GiB,0.23%,15.78GiB,1007GiB,1.57%,451.8kB,39.65kB,0B,0B,1,0.00%,15.48GiB,80GiB,19.35%
2026-05-20 21:57:57.458,vllm-server,99.16%,2.55%,2.338GiB,1007GiB,0.23%,15.79GiB,1007GiB,1.57%,451.8kB,39.65kB,0B,0B,1,7.00%,15.48GiB,80GiB,19.35%
2026-05-20 21:57:57.639,vllm-server,227.25%,4.67%,2.341GiB,1007GiB,0.23%,15.81GiB,1007GiB,1.57%,451.8kB,39.7kB,0B,0B,1,0.00%,15.48GiB,80GiB,19.35%
2026-05-20 21:57:57.841,vllm-server,79.75%,3.63%,2.341GiB,1007GiB,0.23%,15.82GiB,1007GiB,1.57%,451.8kB,39.7kB,0B,0B,1,0.00%,15.48GiB,80GiB,19.35%
2026-05-20 21:57:58.003,vllm-server,114.48%,2.79%,2.362GiB,1007GiB,0.23%,15.83GiB,1007GiB,1.57%,451.8kB,39.7kB,0B,0B,1,5.00%,15.14GiB,80GiB,18.93%
2026-05-20 21:57:58.185,vllm-server,102.98%,2.59%,2.357GiB,1007GiB,0.23%,15.83GiB,1007GiB,1.57%,451.8kB,39.7kB,0B,0B,1,10.00%,15.22GiB,80GiB,19.03%
2026-05-20 21:57:58.376,vllm-server,86.51%,2.96%,2.36GiB,1007GiB,0.23%,15.86GiB,1007GiB,1.57%,451.8kB,39.7kB,0B,0B,1,38.00%,15.23GiB,80GiB,19.03%
2026-05-20 21:57:58.537,vllm-server,115.62%,2.73%,2.375GiB,1007GiB,0.24%,15.84GiB,1007GiB,1.57%,451.8kB,39.7kB,0B,0B,1,38.00%,15.23GiB,80GiB,19.03%
2026-05-20 21:57:58.719,vllm-server,110.49%,2.49%,2.392GiB,1007GiB,0.24%,15.87GiB,1007GiB,1.57%,451.9kB,39.75kB,0B,0B,1,0.00%,15.23GiB,80GiB,19.03%
2026-05-20 21:57:58.926,vllm-server,91.70%,3.40%,2.363GiB,1007GiB,0.23%,15.87GiB,1007GiB,1.57%,451.9kB,39.75kB,0B,0B,1,0.00%,15.25GiB,80GiB,19.06%
2026-05-20 21:57:59.109,vllm-server,101.25%,2.74%,2.364GiB,1007GiB,0.23%,15.89GiB,1007GiB,1.58%,451.9kB,39.75kB,0B,0B,1,0.00%,15.23GiB,80GiB,19.03%
2026-05-20 21:57:59.293,vllm-server,87.23%,3.28%,2.365GiB,1007GiB,0.23%,15.88GiB,1007GiB,1.58%,451.9kB,39.75kB,0B,0B,1,8.00%,15.23GiB,80GiB,19.04%
2026-05-20 21:57:59.457,vllm-server,115.79%,2.78%,2.368GiB,1007GiB,0.24%,15.87GiB,1007GiB,1.58%,451.9kB,39.75kB,0B,0B,1,0.00%,15.25GiB,80GiB,19.07%
2026-05-20 21:57:59.638,vllm-server,86.63%,2.51%,2.368GiB,1007GiB,0.24%,15.87GiB,1007GiB,1.58%,451.9kB,39.75kB,0B,0B,1,0.00%,15.25GiB,80GiB,19.07%
2026-05-20 21:57:59.797,vllm-server,114.35%,3.17%,2.369GiB,1007GiB,0.24%,15.87GiB,1007GiB,1.57%,452kB,39.8kB,0B,0B,1,8.00%,15.24GiB,80GiB,19.04%
2026-05-20 21:57:59.978,vllm-server,100.76%,2.61%,2.369GiB,1007GiB,0.24%,15.87GiB,1007GiB,1.57%,452kB,39.8kB,0B,0B,1,0.00%,15.24GiB,80GiB,19.04%
2026-05-20 21:58:00.159,vllm-server,102.16%,3.73%,2.369GiB,1007GiB,0.24%,15.87GiB,1007GiB,1.58%,452kB,39.8kB,0B,0B,1,0.00%,15.24GiB,80GiB,19.04%
2026-05-20 21:58:00.340,vllm-server,108.92%,2.94%,2.369GiB,1007GiB,0.24%,15.87GiB,1007GiB,1.58%,452kB,39.8kB,0B,0B,1,0.00%,15.24GiB,80GiB,19.04%
2026-05-20 21:58:00.536,vllm-server,92.33%,2.47%,2.369GiB,1007GiB,0.24%,15.87GiB,1007GiB,1.58%,452kB,39.8kB,0B,0B,1,0.00%,14.95GiB,80GiB,18.69%
2026-05-20 21:58:00.715,vllm-server,89.80%,2.54%,2.369GiB,1007GiB,0.24%,15.88GiB,1007GiB,1.58%,452kB,39.8kB,0B,0B,1,4.00%,70.73GiB,80GiB,88.41%
2026-05-20 21:58:00.885,vllm-server,111.31%,3.93%,2.369GiB,1007GiB,0.24%,15.87GiB,1007GiB,1.58%,452.1kB,39.86kB,0B,0B,1,19.00%,70.73GiB,80GiB,88.41%
2026-05-20 21:58:01.073,vllm-server,114.31%,3.17%,2.369GiB,1007GiB,0.24%,15.87GiB,1007GiB,1.58%,452.1kB,39.86kB,0B,0B,1,0.00%,70.95GiB,80GiB,88.69%
2026-05-20 21:58:01.280,vllm-server,89.54%,3.16%,2.366GiB,1007GiB,0.23%,15.88GiB,1007GiB,1.58%,452.1kB,39.86kB,0B,0B,1,49.00%,70.86GiB,80GiB,88.58%
2026-05-20 21:58:01.464,vllm-server,111.20%,2.72%,2.369GiB,1007GiB,0.24%,15.88GiB,1007GiB,1.58%,452.1kB,39.86kB,0B,0B,1,70.00%,70.87GiB,80GiB,88.59%
2026-05-20 21:58:01.664,vllm-server,101.07%,2.59%,2.375GiB,1007GiB,0.24%,15.88GiB,1007GiB,1.58%,452.1kB,39.86kB,0B,0B,1,68.00%,70.89GiB,80GiB,88.61%
2026-05-20 21:58:01.870,vllm-server,90.18%,3.34%,2.381GiB,1007GiB,0.24%,15.88GiB,1007GiB,1.58%,452.1kB,39.91kB,0B,0B,1,68.00%,70.91GiB,80GiB,88.63%
2026-05-20 21:58:02.052,vllm-server,101.47%,2.82%,2.386GiB,1007GiB,0.24%,15.88GiB,1007GiB,1.58%,452.1kB,39.91kB,0B,0B,1,68.00%,70.92GiB,80GiB,88.65%
2026-05-20 21:58:02.236,vllm-server,103.32%,2.56%,2.396GiB,1007GiB,0.24%,15.87GiB,1007GiB,1.58%,452.1kB,39.91kB,0B,0B,1,67.00%,70.94GiB,80GiB,88.67%
2026-05-20 21:58:02.424,vllm-server,109.24%,2.50%,2.405GiB,1007GiB,0.24%,15.9GiB,1007GiB,1.58%,452.1kB,39.91kB,0B,0B,1,56.00%,71.03GiB,80GiB,88.79%
2026-05-20 21:58:02.626,vllm-server,90.22%,2.64%,2.414GiB,1007GiB,0.24%,15.91GiB,1007GiB,1.58%,452.1kB,39.91kB,0B,0B,1,68.00%,71.02GiB,80GiB,88.78%
2026-05-20 21:58:02.809,vllm-server,127.17%,2.81%,2.426GiB,1007GiB,0.24%,15.92GiB,1007GiB,1.58%,452.2kB,39.96kB,0B,0B,1,51.00%,70.99GiB,80GiB,88.74%
2026-05-20 21:58:03.041,vllm-server,88.61%,3.63%,2.437GiB,1007GiB,0.24%,15.93GiB,1007GiB,1.58%,452.2kB,39.96kB,0B,0B,1,56.00%,71.03GiB,80GiB,88.79%
2026-05-20 21:58:03.252,vllm-server,99.35%,3.28%,2.451GiB,1007GiB,0.24%,15.93GiB,1007GiB,1.58%,452.2kB,39.96kB,0B,0B,1,51.00%,71.08GiB,80GiB,88.85%
2026-05-20 21:58:03.456,vllm-server,90.76%,2.46%,2.463GiB,1007GiB,0.24%,15.94GiB,1007GiB,1.58%,452.3kB,39.96kB,0B,0B,1,51.00%,71.06GiB,80GiB,88.82%
2026-05-20 21:58:03.640,vllm-server,102.44%,2.88%,2.474GiB,1007GiB,0.25%,15.95GiB,1007GiB,1.58%,452.3kB,39.96kB,0B,0B,1,45.00%,71.1GiB,80GiB,88.88%
2026-05-20 21:58:03.825,vllm-server,87.40%,2.46%,2.484GiB,1007GiB,0.25%,15.96GiB,1007GiB,1.58%,452.4kB,40.06kB,0B,0B,1,38.00%,71.1GiB,80GiB,88.88%
2026-05-20 21:58:03.990,vllm-server,102.84%,3.15%,2.495GiB,1007GiB,0.25%,15.98GiB,1007GiB,1.59%,452.4kB,40.06kB,0B,0B,1,38.00%,71.12GiB,80GiB,88.90%
2026-05-20 21:58:04.158,vllm-server,112.70%,2.79%,2.509GiB,1007GiB,0.25%,16GiB,1007GiB,1.59%,452.4kB,40.06kB,0B,0B,1,35.00%,71.15GiB,80GiB,88.93%
2026-05-20 21:58:04.345,vllm-server,100.64%,2.59%,2.521GiB,1007GiB,0.25%,16GiB,1007GiB,1.59%,452.4kB,40.06kB,0B,0B,1,33.00%,71.18GiB,80GiB,88.97%
2026-05-20 21:58:04.536,vllm-server,99.16%,2.87%,2.533GiB,1007GiB,0.25%,16.02GiB,1007GiB,1.59%,452.4kB,40.06kB,0B,0B,1,28.00%,71.2GiB,80GiB,89.00%
2026-05-20 21:58:04.720,vllm-server,111.52%,2.55%,2.546GiB,1007GiB,0.25%,16.05GiB,1007GiB,1.59%,452.4kB,40.06kB,0B,0B,1,25.00%,71.22GiB,80GiB,89.03%
2026-05-20 21:58:04.928,vllm-server,81.35%,2.73%,2.561GiB,1007GiB,0.25%,16.06GiB,1007GiB,1.59%,452.5kB,40.11kB,0B,0B,1,20.00%,71.24GiB,80GiB,89.05%
2026-05-20 21:58:05.091,vllm-server,113.73%,2.78%,2.572GiB,1007GiB,0.26%,16.07GiB,1007GiB,1.59%,452.5kB,40.11kB,0B,0B,1,15.00%,71.27GiB,80GiB,89.08%
2026-05-20 21:58:05.277,vllm-server,99.76%,2.94%,2.583GiB,1007GiB,0.26%,16.07GiB,1007GiB,1.60%,452.5kB,40.11kB,0B,0B,1,17.00%,71.33GiB,80GiB,89.16%
2026-05-20 21:58:05.461,vllm-server,111.13%,2.63%,2.596GiB,1007GiB,0.26%,16.08GiB,1007GiB,1.60%,452.5kB,40.11kB,0B,0B,1,39.00%,71.32GiB,80GiB,89.15%
2026-05-20 21:58:05.668,vllm-server,82.48%,2.57%,2.605GiB,1007GiB,0.26%,16.09GiB,1007GiB,1.60%,452.5kB,40.11kB,0B,0B,1,34.00%,71.32GiB,80GiB,89.15%
2026-05-20 21:58:05.834,vllm-server,97.30%,2.75%,2.617GiB,1007GiB,0.26%,16.11GiB,1007GiB,1.60%,452.5kB,40.11kB,0B,0B,1,26.00%,71.33GiB,80GiB,89.17%
2026-05-20 21:58:05.998,vllm-server,112.32%,3.44%,2.627GiB,1007GiB,0.26%,16.12GiB,1007GiB,1.60%,452.5kB,40.16kB,0B,0B,1,26.00%,71.35GiB,80GiB,89.19%
2026-05-20 21:58:06.180,vllm-server,104.33%,3.77%,2.637GiB,1007GiB,0.26%,16.14GiB,1007GiB,1.60%,452.5kB,40.16kB,0B,0B,1,26.00%,71.37GiB,80GiB,89.22%
2026-05-20 21:58:06.363,vllm-server,98.91%,2.84%,2.649GiB,1007GiB,0.26%,16.13GiB,1007GiB,1.60%,452.5kB,40.16kB,0B,0B,1,22.00%,71.39GiB,80GiB,89.23%
2026-05-20 21:58:06.545,vllm-server,110.76%,2.75%,2.654GiB,1007GiB,0.26%,16.14GiB,1007GiB,1.60%,452.5kB,40.16kB,0B,0B,1,18.00%,71.39GiB,80GiB,89.24%
2026-05-20 21:58:06.750,vllm-server,92.74%,2.60%,2.658GiB,1007GiB,0.26%,16.13GiB,1007GiB,1.60%,452.5kB,40.16kB,0B,0B,1,1.00%,71.39GiB,80GiB,89.24%
2026-05-20 21:58:06.939,vllm-server,108.33%,2.80%,2.663GiB,1007GiB,0.26%,16.14GiB,1007GiB,1.60%,452.6kB,40.21kB,0B,0B,1,0.00%,71.39GiB,80GiB,89.24%
2026-05-20 21:58:07.141,vllm-server,82.01%,3.25%,2.658GiB,1007GiB,0.26%,16.1GiB,1007GiB,1.60%,452.6kB,40.21kB,0B,0B,1,0.00%,71.39GiB,80GiB,89.24%
2026-05-20 21:58:07.305,vllm-server,103.09%,3.79%,2.661GiB,1007GiB,0.26%,16.09GiB,1007GiB,1.60%,452.6kB,40.21kB,0B,0B,1,0.00%,71.39GiB,80GiB,89.24%
2026-05-20 21:58:07.471,vllm-server,111.27%,2.81%,2.664GiB,1007GiB,0.26%,16.1GiB,1007GiB,1.60%,452.6kB,40.21kB,0B,0B,1,3.00%,71.4GiB,80GiB,89.25%
2026-05-20 21:58:07.656,vllm-server,102.66%,2.63%,2.678GiB,1007GiB,0.27%,16.12GiB,1007GiB,1.60%,452.6kB,40.21kB,0B,0B,1,0.00%,71.4GiB,80GiB,89.25%
2026-05-20 21:58:07.841,vllm-server,97.74%,2.72%,2.667GiB,1007GiB,0.26%,16.11GiB,1007GiB,1.60%,452.6kB,40.21kB,0B,0B,1,0.00%,71.4GiB,80GiB,89.25%
2026-05-20 21:58:08.026,vllm-server,104.68%,3.13%,2.673GiB,1007GiB,0.27%,16.13GiB,1007GiB,1.60%,452.7kB,40.27kB,0B,0B,1,2.00%,71.41GiB,80GiB,89.26%
2026-05-20 21:58:08.216,vllm-server,86.83%,2.89%,2.678GiB,1007GiB,0.27%,16.14GiB,1007GiB,1.60%,452.7kB,40.27kB,0B,0B,1,2.00%,71.41GiB,80GiB,89.27%
2026-05-20 21:58:08.379,vllm-server,125.73%,2.60%,2.682GiB,1007GiB,0.27%,16.14GiB,1007GiB,1.60%,452.7kB,40.27kB,0B,0B,1,0.00%,71.41GiB,80GiB,89.27%
2026-05-20 21:58:08.582,vllm-server,89.57%,2.55%,2.706GiB,1007GiB,0.27%,16.15GiB,1007GiB,1.60%,452.7kB,40.27kB,0B,0B,1,0.00%,71.41GiB,80GiB,89.27%
2026-05-20 21:58:08.765,vllm-server,101.02%,2.72%,2.682GiB,1007GiB,0.27%,16.14GiB,1007GiB,1.60%,452.7kB,40.27kB,0B,0B,1,0.00%,71.41GiB,80GiB,89.27%
2026-05-20 21:58:08.949,vllm-server,120.66%,3.33%,2.683GiB,1007GiB,0.27%,16.14GiB,1007GiB,1.60%,452.8kB,40.32kB,0B,0B,1,0.00%,71.42GiB,80GiB,89.27%
2026-05-20 21:58:09.169,vllm-server,75.02%,3.68%,2.683GiB,1007GiB,0.27%,16.15GiB,1007GiB,1.60%,452.8kB,40.32kB,0B,0B,1,2.00%,71.42GiB,80GiB,89.27%
2026-05-20 21:58:09.334,vllm-server,101.89%,2.76%,2.683GiB,1007GiB,0.27%,16.16GiB,1007GiB,1.60%,457.7kB,41.94kB,0B,0B,1,0.00%,72.09GiB,80GiB,90.12%
2026-05-20 21:58:09.561,vllm-server,8.98%,1.52%,2.683GiB,1007GiB,0.27%,16.16GiB,1007GiB,1.60%,466.5kB,45.03kB,0B,0B,1,14.00%,72.09GiB,80GiB,90.12%
2026-05-20 21:58:09.744,vllm-server,5.51%,1.19%,2.683GiB,1007GiB,0.27%,16.15GiB,1007GiB,1.60%,470.8kB,46.38kB,0B,0B,1,0.00%,72.09GiB,80GiB,90.12%
2026-05-20 21:58:09.929,vllm-server,50.89%,1.44%,2.765GiB,1007GiB,0.27%,16.19GiB,1007GiB,1.61%,474.1kB,46.51kB,0B,0B,1,0.00%,72.09GiB,80GiB,90.12%
2026-05-20 21:58:10.091,vllm-server,99.34%,3.19%,2.873GiB,1007GiB,0.29%,16.31GiB,1007GiB,1.62%,474.2kB,46.56kB,0B,0B,1,0.00%,72.09GiB,80GiB,90.12%
2026-05-20 21:58:10.256,vllm-server,102.96%,3.04%,2.904GiB,1007GiB,0.29%,16.38GiB,1007GiB,1.63%,474.2kB,46.56kB,0B,0B,1,0.00%,72.09GiB,80GiB,90.12%
2026-05-20 21:58:10.424,vllm-server,113.30%,2.72%,2.924GiB,1007GiB,0.29%,16.37GiB,1007GiB,1.62%,474.2kB,46.56kB,0B,0B,1,0.00%,72.09GiB,80GiB,90.12%
2026-05-20 21:58:10.605,vllm-server,91.19%,2.84%,2.898GiB,1007GiB,0.29%,16.35GiB,1007GiB,1.62%,474.2kB,46.56kB,0B,0B,1,0.00%,72.09GiB,80GiB,90.12%
2026-05-20 21:58:10.769,vllm-server,110.20%,2.67%,2.9GiB,1007GiB,0.29%,16.34GiB,1007GiB,1.62%,474.2kB,46.56kB,0B,0B,1,0.00%,72.09GiB,80GiB,90.12%
2026-05-20 21:58:10.950,vllm-server,100.40%,3.04%,2.999GiB,1007GiB,0.30%,16.44GiB,1007GiB,1.63%,474.2kB,46.56kB,0B,0B,1,0.00%,72.09GiB,80GiB,90.12%
2026-05-20 21:58:11.131,vllm-server,101.87%,3.52%,3.001GiB,1007GiB,0.30%,16.44GiB,1007GiB,1.63%,474.2kB,46.61kB,0B,0B,1,0.00%,72.09GiB,80GiB,90.12%
2026-05-20 21:58:11.315,vllm-server,54.70%,2.65%,3.001GiB,1007GiB,0.30%,16.43GiB,1007GiB,1.63%,484.9kB,47.22kB,0B,0B,1,0.00%,72.09GiB,80GiB,90.12%
2026-05-20 21:58:11.478,vllm-server,65.30%,1.54%,3.007GiB,1007GiB,0.30%,16.43GiB,1007GiB,1.63%,488.4kB,47.67kB,0B,0B,1,0.00%,72.09GiB,80GiB,90.12%
2026-05-20 21:58:11.676,vllm-server,103.63%,2.45%,3.021GiB,1007GiB,0.30%,16.43GiB,1007GiB,1.63%,488.4kB,47.67kB,0B,0B,1,0.00%,72.09GiB,80GiB,90.12%
2026-05-20 21:58:11.876,vllm-server,101.01%,7.78%,3.026GiB,1007GiB,0.30%,16.46GiB,1007GiB,1.63%,488.4kB,47.67kB,0B,0B,1,0.00%,72.09GiB,80GiB,90.12%
2026-05-20 21:58:12.084,vllm-server,90.90%,3.32%,3.026GiB,1007GiB,0.30%,16.46GiB,1007GiB,1.63%,488.4kB,47.72kB,0B,0B,1,0.00%,72.09GiB,80GiB,90.12%
2026-05-20 21:58:12.263,vllm-server,103.38%,3.32%,3.029GiB,1007GiB,0.30%,16.47GiB,1007GiB,1.63%,488.4kB,47.72kB,0B,0B,1,0.00%,72.09GiB,80GiB,90.12%
2026-05-20 21:58:12.449,vllm-server,108.05%,2.94%,3.03GiB,1007GiB,0.30%,16.47GiB,1007GiB,1.63%,488.4kB,47.72kB,0B,0B,1,0.00%,72.09GiB,80GiB,90.12%
2026-05-20 21:58:12.642,vllm-server,57.33%,2.60%,3.031GiB,1007GiB,0.30%,16.47GiB,1007GiB,1.64%,496.7kB,51.06kB,0B,0B,1,0.00%,72.09GiB,80GiB,90.12%
2026-05-20 21:58:12.840,vllm-server,4.22%,1.11%,3.032GiB,1007GiB,0.30%,16.47GiB,1007GiB,1.64%,499.8kB,52.19kB,0B,0B,1,0.00%,72.09GiB,80GiB,90.12%
2026-05-20 21:58:13.004,vllm-server,2.50%,1.43%,3.032GiB,1007GiB,0.30%,16.47GiB,1007GiB,1.64%,566kB,53.17kB,0B,0B,1,0.00%,72.09GiB,80GiB,90.12%
2026-05-20 21:58:13.186,vllm-server,2.10%,1.38%,3.032GiB,1007GiB,0.30%,16.48GiB,1007GiB,1.64%,839.1kB,53.74kB,0B,0B,1,0.00%,72.09GiB,80GiB,90.12%
2026-05-20 21:58:13.370,vllm-server,2.69%,1.70%,3.033GiB,1007GiB,0.30%,16.49GiB,1007GiB,1.64%,1.557MiB,54.96kB,0B,0B,1,0.00%,72.09GiB,80GiB,90.12%
2026-05-20 21:58:13.529,vllm-server,7.16%,1.27%,3.035GiB,1007GiB,0.30%,16.48GiB,1007GiB,1.64%,3.323MiB,57.67kB,0B,0B,1,0.00%,72.09GiB,80GiB,90.12%
2026-05-20 21:58:13.709,vllm-server,74.37%,1.57%,3.035GiB,1007GiB,0.30%,16.47GiB,1007GiB,1.64%,3.955MiB,59.17kB,0B,0B,1,0.00%,72.09GiB,80GiB,90.12%
2026-05-20 21:58:13.891,vllm-server,6.01%,1.71%,3.035GiB,1007GiB,0.30%,16.48GiB,1007GiB,1.64%,3.961MiB,61.2kB,0B,0B,1,0.00%,72.09GiB,80GiB,90.12%
2026-05-20 21:58:14.058,vllm-server,3.11%,1.41%,3.035GiB,1007GiB,0.30%,16.49GiB,1007GiB,1.64%,3.964MiB,62kB,0B,0B,1,0.00%,72.09GiB,80GiB,90.12%
2026-05-20 21:58:14.244,vllm-server,2.68%,1.68%,3.035GiB,1007GiB,0.30%,16.49GiB,1007GiB,1.64%,3.966MiB,62.93kB,0B,0B,1,0.00%,72.09GiB,80GiB,90.12%
2026-05-20 21:58:14.405,vllm-server,2.86%,1.17%,3.035GiB,1007GiB,0.30%,16.48GiB,1007GiB,1.64%,3.969MiB,63.8kB,0B,0B,1,0.00%,72.09GiB,80GiB,90.12%
2026-05-20 21:58:14.589,vllm-server,4.87%,1.11%,3.035GiB,1007GiB,0.30%,16.48GiB,1007GiB,1.64%,3.975MiB,65.85kB,0B,0B,1,0.00%,72.09GiB,80GiB,90.12%
2026-05-20 21:58:14.787,vllm-server,4.62%,1.03%,3.035GiB,1007GiB,0.30%,16.47GiB,1007GiB,1.64%,3.982MiB,68.21kB,0B,0B,1,0.00%,72.09GiB,80GiB,90.12%
2026-05-20 21:58:15.006,vllm-server,64.40%,2.57%,3.035GiB,1007GiB,0.30%,16.47GiB,1007GiB,1.64%,3.985MiB,68.34kB,0B,0B,1,0.00%,72.09GiB,80GiB,90.12%
2026-05-20 21:58:15.202,vllm-server,103.11%,2.48%,3.13GiB,1007GiB,0.31%,16.52GiB,1007GiB,1.64%,3.985MiB,68.39kB,0B,0B,1,0.00%,72.09GiB,80GiB,90.12%
2026-05-20 21:58:15.398,vllm-server,92.22%,2.88%,3.133GiB,1007GiB,0.31%,16.55GiB,1007GiB,1.64%,3.985MiB,68.39kB,0B,0B,1,0.00%,72.09GiB,80GiB,90.12%
2026-05-20 21:58:15.576,vllm-server,88.09%,2.54%,3.113GiB,1007GiB,0.31%,16.55GiB,1007GiB,1.64%,3.985MiB,68.39kB,0B,0B,1,0.00%,72.09GiB,80GiB,90.12%
2026-05-20 21:58:15.734,vllm-server,100.30%,2.87%,3.113GiB,1007GiB,0.31%,16.55GiB,1007GiB,1.64%,3.985MiB,68.39kB,0B,0B,1,0.00%,72.09GiB,80GiB,90.12%
2026-05-20 21:58:15.888,vllm-server,114.24%,3.14%,3.113GiB,1007GiB,0.31%,16.55GiB,1007GiB,1.64%,3.985MiB,68.39kB,0B,0B,1,0.00%,72.09GiB,80GiB,90.12%
2026-05-20 21:58:16.065,vllm-server,98.54%,2.75%,3.155GiB,1007GiB,0.31%,16.55GiB,1007GiB,1.64%,3.985MiB,68.39kB,0B,0B,1,0.00%,72.09GiB,80GiB,90.12%
2026-05-20 21:58:16.240,vllm-server,115.08%,2.87%,3.158GiB,1007GiB,0.31%,16.58GiB,1007GiB,1.65%,3.985MiB,68.44kB,0B,0B,1,0.00%,72.09GiB,80GiB,90.12%
2026-05-20 21:58:16.443,vllm-server,76.88%,2.70%,3.138GiB,1007GiB,0.31%,16.57GiB,1007GiB,1.64%,3.985MiB,68.79kB,0B,0B,1,0.00%,72.09GiB,80GiB,90.12%
2026-05-20 21:58:16.624,vllm-server,77.51%,2.08%,3.142GiB,1007GiB,0.31%,16.56GiB,1007GiB,1.64%,3.996MiB,69.53kB,0B,0B,1,0.00%,72.09GiB,80GiB,90.12%
2026-05-20 21:58:16.809,vllm-server,16.50%,1.69%,3.142GiB,1007GiB,0.31%,16.55GiB,1007GiB,1.64%,4.001MiB,71.18kB,0B,0B,1,0.00%,72.09GiB,80GiB,90.12%
2026-05-20 21:58:16.997,vllm-server,87.79%,2.76%,3.143GiB,1007GiB,0.31%,16.54GiB,1007GiB,1.64%,4.001MiB,71.24kB,0B,0B,1,0.00%,72.09GiB,80GiB,90.12%
2026-05-20 21:58:17.163,vllm-server,101.73%,3.55%,3.143GiB,1007GiB,0.31%,16.54GiB,1007GiB,1.64%,4.001MiB,71.24kB,0B,0B,1,0.00%,72.09GiB,80GiB,90.12%
2026-05-20 21:58:17.329,vllm-server,114.55%,3.12%,3.143GiB,1007GiB,0.31%,16.54GiB,1007GiB,1.64%,4.001MiB,71.3kB,0B,0B,1,0.00%,72.09GiB,80GiB,90.12%
2026-05-20 21:58:17.518,vllm-server,49.04%,2.58%,3.143GiB,1007GiB,0.31%,16.53GiB,1007GiB,1.64%,4.001MiB,71.3kB,0B,0B,1,0.00%,72.09GiB,80GiB,90.12%
2026-05-20 21:58:17.724,vllm-server,1.00%,1.14%,3.143GiB,1007GiB,0.31%,16.53GiB,1007GiB,1.64%,4.001MiB,71.3kB,0B,0B,1,0.00%,72.09GiB,80GiB,90.12%
2026-05-20 21:58:17.951,vllm-server,0.70%,2.21%,3.143GiB,1007GiB,0.31%,16.52GiB,1007GiB,1.64%,4.001MiB,71.3kB,0B,0B,1,0.00%,72.09GiB,80GiB,90.12%
2026-05-20 21:58:18.135,vllm-server,0.97%,1.02%,3.143GiB,1007GiB,0.31%,16.53GiB,1007GiB,1.64%,4.001MiB,71.3kB,0B,0B,1,0.00%,72.09GiB,80GiB,90.12%
2026-05-20 21:58:18.321,vllm-server,1.92%,1.35%,3.143GiB,1007GiB,0.31%,16.52GiB,1007GiB,1.64%,4.002MiB,71.65kB,0B,0B,1,0.00%,72.09GiB,80GiB,90.12%
2026-05-20 21:58:18.321,langchain-bench,0.00%,1.35%,4.238MiB,1007GiB,0.00%,16.52GiB,1007GiB,1.64%,90B,42B,0B,0B,1,0.00%,72.09GiB,80GiB,90.12%
2026-05-20 21:58:18.601,vllm-server,0.79%,5.01%,3.143GiB,1007GiB,0.31%,16.57GiB,1007GiB,1.64%,4.002MiB,71.65kB,0B,0B,1,0.00%,72.09GiB,80GiB,90.12%
2026-05-20 21:58:18.601,langchain-bench,61.36%,5.01%,11.86MiB,1007GiB,0.00%,16.57GiB,1007GiB,1.64%,180B,42B,0B,0B,1,0.00%,72.09GiB,80GiB,90.12%
2026-05-20 21:58:18.775,vllm-server,0.90%,2.43%,3.143GiB,1007GiB,0.31%,16.59GiB,1007GiB,1.65%,4.002MiB,71.65kB,0B,0B,1,0.00%,72.09GiB,80GiB,90.12%
2026-05-20 21:58:18.775,langchain-bench,98.75%,2.43%,21.02MiB,1007GiB,0.00%,16.59GiB,1007GiB,1.65%,180B,42B,0B,0B,1,0.00%,72.09GiB,80GiB,90.12%
2026-05-20 21:58:18.947,vllm-server,0.73%,2.46%,3.143GiB,1007GiB,0.31%,16.61GiB,1007GiB,1.65%,4.002MiB,71.65kB,0B,0B,1,0.00%,72.09GiB,80GiB,90.12%
2026-05-20 21:58:18.947,langchain-bench,88.28%,2.46%,28.12MiB,1007GiB,0.00%,16.61GiB,1007GiB,1.65%,180B,42B,0B,0B,1,0.00%,72.09GiB,80GiB,90.12%
2026-05-20 21:58:19.096,vllm-server,1.17%,3.05%,3.143GiB,1007GiB,0.31%,16.61GiB,1007GiB,1.65%,4.002MiB,71.65kB,0B,0B,1,0.00%,72.09GiB,80GiB,90.12%
2026-05-20 21:58:19.096,langchain-bench,3680.34%,3.05%,50.65MiB,1007GiB,0.00%,16.61GiB,1007GiB,1.65%,266B,42B,0B,0B,1,0.00%,72.09GiB,80GiB,90.12%
2026-05-20 21:58:19.313,vllm-server,0.66%,40.17%,3.143GiB,1007GiB,0.31%,16.63GiB,1007GiB,1.65%,4.002MiB,71.65kB,0B,0B,1,0.00%,72.09GiB,80GiB,90.12%
2026-05-20 21:58:19.313,langchain-bench,77.43%,40.17%,60.46MiB,1007GiB,0.01%,16.63GiB,1007GiB,1.65%,266B,42B,0B,0B,1,0.00%,72.09GiB,80GiB,90.12%
2026-05-20 21:58:19.483,vllm-server,0.84%,2.49%,3.143GiB,1007GiB,0.31%,16.65GiB,1007GiB,1.65%,4.002MiB,71.65kB,0B,0B,1,0.00%,72.09GiB,80GiB,90.12%
2026-05-20 21:58:19.483,langchain-bench,89.04%,2.49%,67.58MiB,1007GiB,0.01%,16.65GiB,1007GiB,1.65%,266B,84B,0B,0B,1,0.00%,72.09GiB,80GiB,90.12%
2026-05-20 21:58:19.631,vllm-server,0.92%,2.86%,3.143GiB,1007GiB,0.31%,16.66GiB,1007GiB,1.65%,4.002MiB,71.65kB,0B,0B,1,0.00%,72.09GiB,80GiB,90.12%
2026-05-20 21:58:19.631,langchain-bench,96.03%,2.86%,72.62MiB,1007GiB,0.01%,16.66GiB,1007GiB,1.65%,308B,422B,0B,0B,1,0.00%,72.09GiB,80GiB,90.12%
2026-05-20 21:58:19.807,vllm-server,1.05%,1.61%,3.143GiB,1007GiB,0.31%,16.67GiB,1007GiB,1.65%,4.002MiB,71.65kB,0B,0B,1,0.00%,72.09GiB,80GiB,90.12%
2026-05-20 21:58:19.807,langchain-bench,97.72%,1.61%,76.42MiB,1007GiB,0.01%,16.67GiB,1007GiB,1.65%,173.1kB,77.31kB,0B,0B,1,0.00%,72.09GiB,80GiB,90.12%
2026-05-20 21:58:20.001,vllm-server,0.72%,2.49%,3.143GiB,1007GiB,0.31%,16.67GiB,1007GiB,1.66%,4.002MiB,71.65kB,0B,0B,1,0.00%,72.09GiB,80GiB,90.12%
2026-05-20 21:58:20.001,langchain-bench,13.91%,2.49%,76.8MiB,1007GiB,0.01%,16.67GiB,1007GiB,1.66%,190.8kB,86.47kB,0B,0B,1,0.00%,72.09GiB,80GiB,90.12%
2026-05-20 21:58:20.177,vllm-server,0.92%,1.16%,3.143GiB,1007GiB,0.31%,16.69GiB,1007GiB,1.66%,4.002MiB,71.65kB,0B,0B,1,0.00%,72.09GiB,80GiB,90.12%
2026-05-20 21:58:20.177,langchain-bench,1.69%,1.16%,76.77MiB,1007GiB,0.01%,16.69GiB,1007GiB,1.66%,245.9kB,87.56kB,0B,0B,1,0.00%,72.09GiB,80GiB,90.12%
2026-05-20 21:58:20.351,vllm-server,0.84%,1.35%,3.143GiB,1007GiB,0.31%,16.7GiB,1007GiB,1.66%,4.002MiB,71.65kB,0B,0B,1,0.00%,72.09GiB,80GiB,90.12%
2026-05-20 21:58:20.351,langchain-bench,193.57%,1.35%,212.9MiB,1007GiB,0.02%,16.7GiB,1007GiB,1.66%,378.6kB,90.89kB,0B,0B,1,0.00%,72.09GiB,80GiB,90.12%
2026-05-20 21:58:20.527,vllm-server,0.90%,7.74%,3.143GiB,1007GiB,0.31%,16.88GiB,1007GiB,1.68%,4.002MiB,71.65kB,0B,0B,1,0.00%,72.09GiB,80GiB,90.12%
2026-05-20 21:58:20.527,langchain-bench,551.37%,7.74%,455.4MiB,1007GiB,0.04%,16.88GiB,1007GiB,1.68%,396.1kB,91.38kB,0B,0B,1,0.00%,72.09GiB,80GiB,90.12%
2026-05-20 21:58:20.695,vllm-server,4.76%,8.67%,3.143GiB,1007GiB,0.31%,16.95GiB,1007GiB,1.68%,4.003MiB,71.89kB,0B,0B,1,0.00%,72.09GiB,80GiB,90.12%
2026-05-20 21:58:20.695,langchain-bench,411.07%,8.67%,367.9MiB,1007GiB,0.04%,16.95GiB,1007GiB,1.68%,396.3kB,92.45kB,0B,0B,1,0.00%,72.09GiB,80GiB,90.12%
2026-05-20 21:58:20.871,vllm-server,96.76%,8.29%,3.161GiB,1007GiB,0.31%,16.77GiB,1007GiB,1.66%,4.005MiB,72.3kB,0B,0B,1,0.00%,72.09GiB,80GiB,90.12%
2026-05-20 21:58:20.871,langchain-bench,185.02%,8.29%,83.75MiB,1007GiB,0.01%,16.77GiB,1007GiB,1.66%,397.5kB,95.79kB,0B,0B,1,0.00%,72.09GiB,80GiB,90.12%
2026-05-20 21:58:21.044,vllm-server,101.36%,3.60%,3.144GiB,1007GiB,0.31%,16.69GiB,1007GiB,1.66%,4.006MiB,72.5kB,0B,0B,1,0.00%,72.09GiB,80GiB,90.12%
2026-05-20 21:58:21.044,langchain-bench,0.10%,3.60%,83.55MiB,1007GiB,0.01%,16.69GiB,1007GiB,1.66%,397.5kB,95.79kB,0B,0B,1,0.00%,72.09GiB,80GiB,90.12%
2026-05-20 21:58:21.215,vllm-server,101.52%,2.65%,3.144GiB,1007GiB,0.31%,16.69GiB,1007GiB,1.66%,4.006MiB,72.5kB,0B,0B,1,0.00%,72.09GiB,80GiB,90.12%
2026-05-20 21:58:21.215,langchain-bench,0.09%,2.65%,83.4MiB,1007GiB,0.01%,16.69GiB,1007GiB,1.66%,397.5kB,95.79kB,0B,0B,1,0.00%,72.09GiB,80GiB,90.12%
2026-05-20 21:58:21.387,vllm-server,101.45%,2.38%,3.144GiB,1007GiB,0.31%,16.71GiB,1007GiB,1.66%,4.006MiB,72.5kB,0B,0B,1,0.00%,72.09GiB,80GiB,90.12%
2026-05-20 21:58:21.387,langchain-bench,5.99%,2.38%,81.55MiB,1007GiB,0.01%,16.71GiB,1007GiB,1.66%,397.8kB,109.3kB,0B,0B,1,0.00%,72.09GiB,80GiB,90.12%
2026-05-20 21:58:21.559,vllm-server,103.49%,2.72%,3.145GiB,1007GiB,0.31%,16.72GiB,1007GiB,1.66%,4.006MiB,72.5kB,0B,0B,1,0.00%,72.1GiB,80GiB,90.12%
2026-05-20 21:58:21.559,langchain-bench,0.85%,2.72%,80.89MiB,1007GiB,0.01%,16.72GiB,1007GiB,1.66%,398.8kB,109.3kB,0B,0B,1,0.00%,72.1GiB,80GiB,90.12%
2026-05-20 21:58:21.732,vllm-server,143.38%,2.90%,3.145GiB,1007GiB,0.31%,16.72GiB,1007GiB,1.66%,4.006MiB,72.5kB,0B,0B,1,54.00%,72.1GiB,80GiB,90.12%
2026-05-20 21:58:21.732,langchain-bench,0.10%,2.90%,80.87MiB,1007GiB,0.01%,16.72GiB,1007GiB,1.66%,398.8kB,109.3kB,0B,0B,1,54.00%,72.1GiB,80GiB,90.12%
2026-05-20 21:58:21.923,vllm-server,117.15%,3.36%,3.145GiB,1007GiB,0.31%,16.73GiB,1007GiB,1.66%,4.006MiB,72.5kB,0B,0B,1,100.00%,72.1GiB,80GiB,90.12%
2026-05-20 21:58:21.923,langchain-bench,0.09%,3.36%,80.68MiB,1007GiB,0.01%,16.73GiB,1007GiB,1.66%,398.8kB,109.3kB,0B,0B,1,100.00%,72.1GiB,80GiB,90.12%
2026-05-20 21:58:22.097,vllm-server,126.73%,3.15%,3.145GiB,1007GiB,0.31%,16.73GiB,1007GiB,1.66%,4.006MiB,72.5kB,0B,0B,1,100.00%,72.1GiB,80GiB,90.12%
2026-05-20 21:58:22.097,langchain-bench,0.07%,3.15%,80.68MiB,1007GiB,0.01%,16.73GiB,1007GiB,1.66%,398.8kB,109.3kB,0B,0B,1,100.00%,72.1GiB,80GiB,90.12%
2026-05-20 21:58:22.267,vllm-server,128.68%,3.04%,3.145GiB,1007GiB,0.31%,16.73GiB,1007GiB,1.66%,4.006MiB,72.5kB,0B,0B,1,100.00%,72.1GiB,80GiB,90.12%
2026-05-20 21:58:22.267,langchain-bench,0.13%,3.04%,80.44MiB,1007GiB,0.01%,16.73GiB,1007GiB,1.66%,398.8kB,109.3kB,0B,0B,1,100.00%,72.1GiB,80GiB,90.12%
2026-05-20 21:58:22.441,vllm-server,141.64%,3.07%,3.145GiB,1007GiB,0.31%,16.74GiB,1007GiB,1.66%,4.006MiB,72.5kB,0B,0B,1,100.00%,72.1GiB,80GiB,90.12%
2026-05-20 21:58:22.441,langchain-bench,0.10%,3.07%,79.82MiB,1007GiB,0.01%,16.74GiB,1007GiB,1.66%,398.8kB,109.3kB,0B,0B,1,100.00%,72.1GiB,80GiB,90.12%
2026-05-20 21:58:22.633,vllm-server,115.30%,7.64%,3.145GiB,1007GiB,0.31%,16.69GiB,1007GiB,1.66%,4.006MiB,72.5kB,0B,0B,1,99.00%,72.1GiB,80GiB,90.12%
2026-05-20 21:58:22.633,langchain-bench,0.06%,7.64%,79.82MiB,1007GiB,0.01%,16.69GiB,1007GiB,1.66%,398.8kB,109.3kB,0B,0B,1,99.00%,72.1GiB,80GiB,90.12%
2026-05-20 21:58:22.804,vllm-server,128.33%,3.19%,3.145GiB,1007GiB,0.31%,16.69GiB,1007GiB,1.66%,4.006MiB,72.5kB,0B,0B,1,100.00%,72.1GiB,80GiB,90.12%
2026-05-20 21:58:22.804,langchain-bench,0.08%,3.19%,79.82MiB,1007GiB,0.01%,16.69GiB,1007GiB,1.66%,398.8kB,109.3kB,0B,0B,1,100.00%,72.1GiB,80GiB,90.12%
2026-05-20 21:58:22.975,vllm-server,114.19%,2.76%,3.145GiB,1007GiB,0.31%,16.69GiB,1007GiB,1.66%,4.006MiB,72.5kB,0B,0B,1,100.00%,72.1GiB,80GiB,90.12%
2026-05-20 21:58:22.975,langchain-bench,0.09%,2.76%,79.82MiB,1007GiB,0.01%,16.69GiB,1007GiB,1.66%,398.8kB,109.3kB,0B,0B,1,100.00%,72.1GiB,80GiB,90.12%
2026-05-20 21:58:23.129,vllm-server,136.24%,3.25%,3.145GiB,1007GiB,0.31%,16.7GiB,1007GiB,1.66%,4.007MiB,79.36kB,0B,0B,1,100.00%,72.1GiB,80GiB,90.12%
2026-05-20 21:58:23.129,langchain-bench,19.56%,3.25%,82.73MiB,1007GiB,0.01%,16.7GiB,1007GiB,1.66%,413.4kB,114.9kB,0B,0B,1,100.00%,72.1GiB,80GiB,90.12%
2026-05-20 21:58:23.299,vllm-server,0.77%,2.21%,3.145GiB,1007GiB,0.31%,16.7GiB,1007GiB,1.66%,4.007MiB,79.36kB,0B,0B,1,28.00%,72.1GiB,80GiB,90.12%
2026-05-20 21:58:23.299,langchain-bench,3.38%,2.21%,82.42MiB,1007GiB,0.01%,16.7GiB,1007GiB,1.66%,418kB,116.1kB,0B,0B,1,28.00%,72.1GiB,80GiB,90.12%
2026-05-20 21:58:23.474,vllm-server,0.82%,0.98%,3.145GiB,1007GiB,0.31%,16.71GiB,1007GiB,1.66%,4.007MiB,79.36kB,0B,0B,1,0.00%,72.1GiB,80GiB,90.12%
2026-05-20 21:58:23.474,langchain-bench,0.20%,0.98%,82.33MiB,1007GiB,0.01%,16.71GiB,1007GiB,1.66%,418kB,116.1kB,0B,0B,1,0.00%,72.1GiB,80GiB,90.12%
2026-05-20 21:58:23.649,vllm-server,0.95%,1.25%,3.145GiB,1007GiB,0.31%,16.72GiB,1007GiB,1.66%,4.007MiB,79.36kB,0B,0B,1,0.00%,72.1GiB,80GiB,90.12%
2026-05-20 21:58:23.649,langchain-bench,9.00%,1.25%,81.16MiB,1007GiB,0.01%,16.72GiB,1007GiB,1.66%,418.4kB,129.1kB,0B,0B,1,0.00%,72.1GiB,80GiB,90.12%
2026-05-20 21:58:23.844,vllm-server,0.93%,2.02%,3.145GiB,1007GiB,0.31%,16.72GiB,1007GiB,1.66%,4.007MiB,79.36kB,0B,0B,1,0.00%,72.1GiB,80GiB,90.12%
2026-05-20 21:58:23.844,langchain-bench,0.65%,2.02%,80.82MiB,1007GiB,0.01%,16.72GiB,1007GiB,1.66%,419.3kB,129.2kB,0B,0B,1,0.00%,72.1GiB,80GiB,90.12%
2026-05-20 21:58:24.017,vllm-server,0.97%,1.17%,3.145GiB,1007GiB,0.31%,16.72GiB,1007GiB,1.66%,4.007MiB,79.36kB,0B,0B,1,0.00%,72.1GiB,80GiB,90.12%
2026-05-20 21:58:24.017,langchain-bench,1.55%,1.17%,80.63MiB,1007GiB,0.01%,16.72GiB,1007GiB,1.66%,429.3kB,129.7kB,0B,0B,1,0.00%,72.1GiB,80GiB,90.12%
2026-05-20 21:58:24.187,vllm-server,0.98%,1.11%,3.145GiB,1007GiB,0.31%,16.74GiB,1007GiB,1.66%,4.007MiB,79.36kB,0B,0B,1,0.00%,72.1GiB,80GiB,90.12%
2026-05-20 21:58:24.187,langchain-bench,1.21%,1.11%,80.55MiB,1007GiB,0.01%,16.74GiB,1007GiB,1.66%,430.5kB,130.6kB,0B,0B,1,0.00%,72.1GiB,80GiB,90.12%
2026-05-20 21:58:24.364,vllm-server,0.70%,1.14%,3.145GiB,1007GiB,0.31%,16.74GiB,1007GiB,1.66%,4.007MiB,79.36kB,0B,0B,1,0.00%,72.1GiB,80GiB,90.12%
2026-05-20 21:58:24.364,langchain-bench,0.13%,1.14%,80.54MiB,1007GiB,0.01%,16.74GiB,1007GiB,1.66%,430.5kB,130.6kB,0B,0B,1,0.00%,72.1GiB,80GiB,90.12%
2026-05-20 21:58:24.518,vllm-server,0.95%,1.23%,3.145GiB,1007GiB,0.31%,16.74GiB,1007GiB,1.66%,4.007MiB,79.36kB,0B,0B,1,0.00%,72.1GiB,80GiB,90.12%
2026-05-20 21:58:24.518,langchain-bench,0.24%,1.23%,80.52MiB,1007GiB,0.01%,16.74GiB,1007GiB,1.66%,430.5kB,130.6kB,0B,0B,1,0.00%,72.1GiB,80GiB,90.12%
2026-05-20 21:58:24.696,vllm-server,0.78%,0.96%,3.145GiB,1007GiB,0.31%,16.73GiB,1007GiB,1.66%,4.007MiB,79.36kB,0B,0B,1,0.00%,72.1GiB,80GiB,90.12%
2026-05-20 21:58:24.696,langchain-bench,0.20%,0.96%,80.42MiB,1007GiB,0.01%,16.73GiB,1007GiB,1.66%,430.6kB,130.6kB,0B,0B,1,0.00%,72.1GiB,80GiB,90.12%
2026-05-20 21:58:24.872,vllm-server,0.94%,1.16%,3.145GiB,1007GiB,0.31%,16.73GiB,1007GiB,1.66%,4.007MiB,79.36kB,0B,0B,1,0.00%,72.1GiB,80GiB,90.12%
2026-05-20 21:58:24.872,langchain-bench,1.38%,1.16%,80.46MiB,1007GiB,0.01%,16.73GiB,1007GiB,1.66%,440.7kB,131.3kB,0B,0B,1,0.00%,72.1GiB,80GiB,90.12%
2026-05-20 21:58:25.061,vllm-server,0.73%,1.00%,3.145GiB,1007GiB,0.31%,16.73GiB,1007GiB,1.66%,4.007MiB,79.36kB,0B,0B,1,0.00%,72.1GiB,80GiB,90.12%
2026-05-20 21:58:25.061,langchain-bench,0.80%,1.00%,80.15MiB,1007GiB,0.01%,16.73GiB,1007GiB,1.66%,441.8kB,132.2kB,0B,0B,1,0.00%,72.1GiB,80GiB,90.12%
2026-05-20 21:58:25.213,vllm-server,0.89%,0.93%,3.145GiB,1007GiB,0.31%,16.73GiB,1007GiB,1.66%,4.007MiB,79.36kB,0B,0B,1,0.00%,72.1GiB,80GiB,90.12%
2026-05-20 21:58:25.213,langchain-bench,0.26%,0.93%,80.14MiB,1007GiB,0.01%,16.73GiB,1007GiB,1.66%,441.8kB,132.2kB,0B,0B,1,0.00%,72.1GiB,80GiB,90.12%
2026-05-20 21:58:25.386,vllm-server,0.90%,1.18%,3.145GiB,1007GiB,0.31%,16.73GiB,1007GiB,1.66%,4.007MiB,79.36kB,0B,0B,1,0.00%,72.1GiB,80GiB,90.12%
2026-05-20 21:58:25.386,langchain-bench,0.14%,1.18%,80.14MiB,1007GiB,0.01%,16.73GiB,1007GiB,1.66%,441.8kB,132.2kB,0B,0B,1,0.00%,72.1GiB,80GiB,90.12%
2026-05-20 21:58:25.561,vllm-server,0.84%,1.16%,3.145GiB,1007GiB,0.31%,16.73GiB,1007GiB,1.66%,4.007MiB,79.36kB,0B,0B,1,0.00%,72.1GiB,80GiB,90.12%
2026-05-20 21:58:25.561,langchain-bench,0.24%,1.16%,80.07MiB,1007GiB,0.01%,16.73GiB,1007GiB,1.66%,441.8kB,132.2kB,0B,0B,1,0.00%,72.1GiB,80GiB,90.12%
2026-05-20 21:58:25.737,vllm-server,0.76%,0.98%,3.145GiB,1007GiB,0.31%,16.74GiB,1007GiB,1.66%,4.007MiB,79.36kB,0B,0B,1,0.00%,72.1GiB,80GiB,90.12%
2026-05-20 21:58:25.737,langchain-bench,0.24%,0.98%,80.07MiB,1007GiB,0.01%,16.74GiB,1007GiB,1.66%,441.8kB,132.2kB,0B,0B,1,0.00%,72.1GiB,80GiB,90.12%
2026-05-20 21:58:25.909,vllm-server,0.81%,0.91%,3.145GiB,1007GiB,0.31%,16.74GiB,1007GiB,1.66%,4.007MiB,79.36kB,0B,0B,1,0.00%,72.1GiB,80GiB,90.12%
2026-05-20 21:58:25.909,langchain-bench,3.50%,0.91%,80.08MiB,1007GiB,0.01%,16.74GiB,1007GiB,1.66%,457.1kB,133.7kB,0B,0B,1,0.00%,72.1GiB,80GiB,90.12%
2026-05-20 21:58:26.083,vllm-server,0.78%,0.99%,3.145GiB,1007GiB,0.31%,16.74GiB,1007GiB,1.66%,4.007MiB,79.36kB,0B,0B,1,0.00%,72.1GiB,80GiB,90.12%
2026-05-20 21:58:26.083,langchain-bench,0.24%,0.99%,80.08MiB,1007GiB,0.01%,16.74GiB,1007GiB,1.66%,457.1kB,133.7kB,0B,0B,1,0.00%,72.1GiB,80GiB,90.12%
2026-05-20 21:58:26.237,vllm-server,0.77%,1.22%,3.145GiB,1007GiB,0.31%,16.74GiB,1007GiB,1.66%,4.007MiB,79.36kB,0B,0B,1,0.00%,72.1GiB,80GiB,90.12%
2026-05-20 21:58:26.237,langchain-bench,0.26%,1.22%,80.08MiB,1007GiB,0.01%,16.74GiB,1007GiB,1.66%,457.1kB,133.7kB,0B,0B,1,0.00%,72.1GiB,80GiB,90.12%
2026-05-20 21:58:26.389,vllm-server,0.97%,1.03%,3.145GiB,1007GiB,0.31%,16.74GiB,1007GiB,1.66%,4.007MiB,79.36kB,0B,0B,1,0.00%,72.1GiB,80GiB,90.12%
2026-05-20 21:58:26.389,langchain-bench,0.18%,1.03%,80.08MiB,1007GiB,0.01%,16.74GiB,1007GiB,1.66%,457.1kB,133.7kB,0B,0B,1,0.00%,72.1GiB,80GiB,90.12%
2026-05-20 21:58:26.561,vllm-server,0.88%,1.10%,3.145GiB,1007GiB,0.31%,16.74GiB,1007GiB,1.66%,4.007MiB,79.36kB,0B,0B,1,0.00%,72.1GiB,80GiB,90.12%
2026-05-20 21:58:26.561,langchain-bench,0.26%,1.10%,80.08MiB,1007GiB,0.01%,16.74GiB,1007GiB,1.66%,457.1kB,133.7kB,0B,0B,1,0.00%,72.1GiB,80GiB,90.12%
2026-05-20 21:58:26.729,vllm-server,0.67%,2.14%,3.145GiB,1007GiB,0.31%,16.74GiB,1007GiB,1.66%,4.007MiB,79.36kB,0B,0B,1,0.00%,72.1GiB,80GiB,90.12%
2026-05-20 21:58:26.729,langchain-bench,0.27%,2.14%,80.04MiB,1007GiB,0.01%,16.74GiB,1007GiB,1.66%,457.1kB,133.7kB,0B,0B,1,0.00%,72.1GiB,80GiB,90.12%
2026-05-20 21:58:26.902,vllm-server,0.86%,1.00%,3.145GiB,1007GiB,0.31%,16.76GiB,1007GiB,1.66%,4.007MiB,79.36kB,0B,0B,1,0.00%,72.1GiB,80GiB,90.12%
2026-05-20 21:58:26.902,langchain-bench,0.13%,1.00%,80MiB,1007GiB,0.01%,16.76GiB,1007GiB,1.66%,457.1kB,133.7kB,0B,0B,1,0.00%,72.1GiB,80GiB,90.12%
2026-05-20 21:58:27.059,vllm-server,1.14%,1.19%,3.145GiB,1007GiB,0.31%,16.76GiB,1007GiB,1.66%,4.007MiB,79.36kB,0B,0B,1,0.00%,72.1GiB,80GiB,90.12%
2026-05-20 21:58:27.059,langchain-bench,3.69%,1.19%,79.91MiB,1007GiB,0.01%,16.76GiB,1007GiB,1.66%,471.8kB,135.4kB,0B,0B,1,0.00%,72.1GiB,80GiB,90.12%
2026-05-20 21:58:27.236,vllm-server,0.82%,1.07%,3.145GiB,1007GiB,0.31%,16.76GiB,1007GiB,1.66%,4.007MiB,79.36kB,0B,0B,1,0.00%,72.1GiB,80GiB,90.12%
2026-05-20 21:58:27.236,langchain-bench,0.64%,1.07%,80.03MiB,1007GiB,0.01%,16.76GiB,1007GiB,1.66%,472.6kB,135.4kB,0B,0B,1,0.00%,72.1GiB,80GiB,90.12%
2026-05-20 21:58:27.414,vllm-server,0.75%,1.06%,3.145GiB,1007GiB,0.31%,16.77GiB,1007GiB,1.66%,4.007MiB,79.36kB,0B,0B,1,0.00%,72.1GiB,80GiB,90.12%
2026-05-20 21:58:27.414,langchain-bench,0.13%,1.06%,79.9MiB,1007GiB,0.01%,16.77GiB,1007GiB,1.66%,472.6kB,135.4kB,0B,0B,1,0.00%,72.1GiB,80GiB,90.12%
2026-05-20 21:58:27.565,vllm-server,1.13%,1.14%,3.145GiB,1007GiB,0.31%,16.77GiB,1007GiB,1.66%,4.007MiB,79.36kB,0B,0B,1,0.00%,72.1GiB,80GiB,90.12%
2026-05-20 21:58:27.565,langchain-bench,0.30%,1.14%,79.9MiB,1007GiB,0.01%,16.77GiB,1007GiB,1.66%,472.6kB,135.4kB,0B,0B,1,0.00%,72.1GiB,80GiB,90.12%
2026-05-20 21:58:27.741,vllm-server,0.85%,1.25%,3.145GiB,1007GiB,0.31%,16.78GiB,1007GiB,1.67%,4.007MiB,79.36kB,0B,0B,1,0.00%,72.1GiB,80GiB,90.12%
2026-05-20 21:58:27.741,langchain-bench,0.31%,1.25%,79.9MiB,1007GiB,0.01%,16.78GiB,1007GiB,1.67%,472.6kB,135.4kB,0B,0B,1,0.00%,72.1GiB,80GiB,90.12%
2026-05-20 21:58:27.912,vllm-server,0.83%,1.01%,3.145GiB,1007GiB,0.31%,16.78GiB,1007GiB,1.67%,4.007MiB,79.36kB,0B,0B,1,0.00%,72.1GiB,80GiB,90.12%
2026-05-20 21:58:27.912,langchain-bench,0.17%,1.01%,79.9MiB,1007GiB,0.01%,16.78GiB,1007GiB,1.67%,472.6kB,135.4kB,0B,0B,1,0.00%,72.1GiB,80GiB,90.12%
2026-05-20 21:58:28.088,vllm-server,1.00%,1.06%,3.145GiB,1007GiB,0.31%,16.77GiB,1007GiB,1.66%,4.007MiB,79.36kB,0B,0B,1,0.00%,72.1GiB,80GiB,90.12%
2026-05-20 21:58:28.088,langchain-bench,0.29%,1.06%,79.9MiB,1007GiB,0.01%,16.77GiB,1007GiB,1.66%,472.6kB,135.4kB,0B,0B,1,0.00%,72.1GiB,80GiB,90.12%
2026-05-20 21:58:28.280,vllm-server,0.76%,0.90%,3.145GiB,1007GiB,0.31%,16.77GiB,1007GiB,1.66%,4.007MiB,79.36kB,0B,0B,1,0.00%,72.1GiB,80GiB,90.12%
2026-05-20 21:58:28.280,langchain-bench,0.25%,0.90%,79.9MiB,1007GiB,0.01%,16.77GiB,1007GiB,1.66%,472.6kB,135.4kB,0B,0B,1,0.00%,72.1GiB,80GiB,90.12%
2026-05-20 21:58:28.456,vllm-server,0.92%,0.89%,3.145GiB,1007GiB,0.31%,16.77GiB,1007GiB,1.66%,4.007MiB,79.36kB,0B,0B,1,0.00%,72.1GiB,80GiB,90.12%
2026-05-20 21:58:28.456,langchain-bench,0.25%,0.89%,79.9MiB,1007GiB,0.01%,16.77GiB,1007GiB,1.66%,472.6kB,135.4kB,0B,0B,1,0.00%,72.1GiB,80GiB,90.12%
2026-05-20 21:58:28.649,vllm-server,0.73%,0.97%,3.145GiB,1007GiB,0.31%,16.78GiB,1007GiB,1.67%,4.007MiB,79.36kB,0B,0B,1,0.00%,72.1GiB,80GiB,90.12%
2026-05-20 21:58:28.649,langchain-bench,0.16%,0.97%,79.84MiB,1007GiB,0.01%,16.78GiB,1007GiB,1.67%,472.6kB,135.4kB,0B,0B,1,0.00%,72.1GiB,80GiB,90.12%
2026-05-20 21:58:28.821,vllm-server,0.91%,1.18%,3.145GiB,1007GiB,0.31%,16.78GiB,1007GiB,1.67%,4.007MiB,79.36kB,0B,0B,1,0.00%,72.1GiB,80GiB,90.12%
2026-05-20 21:58:28.821,langchain-bench,0.34%,1.18%,79.84MiB,1007GiB,0.01%,16.78GiB,1007GiB,1.67%,472.6kB,135.4kB,0B,0B,1,0.00%,72.1GiB,80GiB,90.12%
2026-05-20 21:58:28.992,vllm-server,0.99%,0.92%,3.145GiB,1007GiB,0.31%,16.78GiB,1007GiB,1.67%,4.007MiB,79.36kB,0B,0B,1,0.00%,72.1GiB,80GiB,90.12%
2026-05-20 21:58:28.992,langchain-bench,0.25%,0.92%,79.84MiB,1007GiB,0.01%,16.78GiB,1007GiB,1.67%,472.6kB,135.4kB,0B,0B,1,0.00%,72.1GiB,80GiB,90.12%
2026-05-20 21:58:29.166,vllm-server,1.01%,0.99%,3.145GiB,1007GiB,0.31%,16.78GiB,1007GiB,1.67%,4.007MiB,79.36kB,0B,0B,1,0.00%,72.1GiB,80GiB,90.12%
2026-05-20 21:58:29.166,langchain-bench,0.27%,0.99%,79.84MiB,1007GiB,0.01%,16.78GiB,1007GiB,1.67%,472.6kB,135.4kB,0B,0B,1,0.00%,72.1GiB,80GiB,90.12%
2026-05-20 21:58:29.377,vllm-server,0.64%,0.74%,3.145GiB,1007GiB,0.31%,16.78GiB,1007GiB,1.67%,4.007MiB,79.36kB,0B,0B,1,0.00%,72.1GiB,80GiB,90.12%
2026-05-20 21:58:29.377,langchain-bench,0.09%,0.74%,79.84MiB,1007GiB,0.01%,16.78GiB,1007GiB,1.67%,472.6kB,135.4kB,0B,0B,1,0.00%,72.1GiB,80GiB,90.12%
2026-05-20 21:58:29.550,vllm-server,1.04%,1.27%,3.145GiB,1007GiB,0.31%,16.78GiB,1007GiB,1.67%,4.007MiB,79.36kB,0B,0B,1,0.00%,72.1GiB,80GiB,90.12%
2026-05-20 21:58:29.550,langchain-bench,0.23%,1.27%,79.84MiB,1007GiB,0.01%,16.78GiB,1007GiB,1.67%,472.6kB,135.4kB,0B,0B,1,0.00%,72.1GiB,80GiB,90.12%
2026-05-20 21:58:29.750,vllm-server,0.65%,2.04%,3.145GiB,1007GiB,0.31%,16.78GiB,1007GiB,1.67%,4.007MiB,79.36kB,0B,0B,1,0.00%,72.1GiB,80GiB,90.12%
2026-05-20 21:58:29.750,langchain-bench,0.19%,2.04%,79.84MiB,1007GiB,0.01%,16.78GiB,1007GiB,1.67%,472.6kB,135.4kB,0B,0B,1,0.00%,72.1GiB,80GiB,90.12%
2026-05-20 21:58:29.902,vllm-server,1.04%,0.93%,3.145GiB,1007GiB,0.31%,16.78GiB,1007GiB,1.67%,4.007MiB,79.36kB,0B,0B,1,0.00%,72.1GiB,80GiB,90.12%
2026-05-20 21:58:29.902,langchain-bench,0.18%,0.93%,79.84MiB,1007GiB,0.01%,16.78GiB,1007GiB,1.67%,472.6kB,135.4kB,0B,0B,1,0.00%,72.1GiB,80GiB,90.12%
2026-05-20 21:58:30.079,vllm-server,0.84%,0.98%,3.145GiB,1007GiB,0.31%,16.78GiB,1007GiB,1.67%,4.007MiB,79.36kB,0B,0B,1,0.00%,72.1GiB,80GiB,90.12%
2026-05-20 21:58:30.079,langchain-bench,0.19%,0.98%,79.84MiB,1007GiB,0.01%,16.78GiB,1007GiB,1.67%,472.6kB,135.4kB,0B,0B,1,0.00%,72.1GiB,80GiB,90.12%
2026-05-20 21:58:30.255,vllm-server,0.77%,1.06%,3.145GiB,1007GiB,0.31%,16.78GiB,1007GiB,1.67%,4.007MiB,79.36kB,0B,0B,1,0.00%,72.1GiB,80GiB,90.12%
2026-05-20 21:58:30.255,langchain-bench,0.67%,1.06%,79.96MiB,1007GiB,0.01%,16.78GiB,1007GiB,1.67%,472.8kB,136.3kB,0B,0B,1,0.00%,72.1GiB,80GiB,90.12%
2026-05-20 21:58:30.429,vllm-server,0.71%,0.99%,3.145GiB,1007GiB,0.31%,16.79GiB,1007GiB,1.67%,4.007MiB,79.36kB,0B,0B,1,0.00%,72.1GiB,80GiB,90.12%
2026-05-20 21:58:30.429,langchain-bench,0.11%,0.99%,79.84MiB,1007GiB,0.01%,16.79GiB,1007GiB,1.67%,472.8kB,136.3kB,0B,0B,1,0.00%,72.1GiB,80GiB,90.12%
2026-05-20 21:58:30.582,vllm-server,0.96%,1.13%,3.145GiB,1007GiB,0.31%,16.79GiB,1007GiB,1.67%,4.007MiB,79.36kB,0B,0B,1,0.00%,72.1GiB,80GiB,90.12%
2026-05-20 21:58:30.582,langchain-bench,0.20%,1.13%,79.84MiB,1007GiB,0.01%,16.79GiB,1007GiB,1.67%,472.8kB,136.3kB,0B,0B,1,0.00%,72.1GiB,80GiB,90.12%
2026-05-20 21:58:30.756,vllm-server,0.98%,0.90%,3.145GiB,1007GiB,0.31%,16.79GiB,1007GiB,1.67%,4.007MiB,79.36kB,0B,0B,1,0.00%,72.1GiB,80GiB,90.12%
2026-05-20 21:58:30.756,langchain-bench,0.25%,0.90%,79.84MiB,1007GiB,0.01%,16.79GiB,1007GiB,1.67%,472.8kB,136.3kB,0B,0B,1,0.00%,72.1GiB,80GiB,90.12%
2026-05-20 21:58:30.951,vllm-server,0.73%,0.80%,3.145GiB,1007GiB,0.31%,16.79GiB,1007GiB,1.67%,4.007MiB,79.36kB,0B,0B,1,0.00%,72.1GiB,80GiB,90.12%
2026-05-20 21:58:30.951,langchain-bench,0.18%,0.80%,79.84MiB,1007GiB,0.01%,16.79GiB,1007GiB,1.67%,472.8kB,136.3kB,0B,0B,1,0.00%,72.1GiB,80GiB,90.12%
2026-05-20 21:58:31.124,vllm-server,0.84%,1.17%,3.145GiB,1007GiB,0.31%,16.8GiB,1007GiB,1.67%,4.007MiB,79.36kB,0B,0B,1,0.00%,72.1GiB,80GiB,90.12%
2026-05-20 21:58:31.124,langchain-bench,0.12%,1.17%,79.84MiB,1007GiB,0.01%,16.8GiB,1007GiB,1.67%,472.8kB,136.3kB,0B,0B,1,0.00%,72.1GiB,80GiB,90.12%
2026-05-20 21:58:31.278,vllm-server,0.99%,1.23%,3.145GiB,1007GiB,0.31%,16.8GiB,1007GiB,1.67%,4.007MiB,79.36kB,0B,0B,1,0.00%,72.1GiB,80GiB,90.12%
2026-05-20 21:58:31.278,langchain-bench,3.24%,1.23%,79.78MiB,1007GiB,0.01%,16.8GiB,1007GiB,1.67%,487.4kB,136.6kB,0B,0B,1,0.00%,72.1GiB,80GiB,90.12%
2026-05-20 21:58:31.447,vllm-server,0.92%,1.02%,3.145GiB,1007GiB,0.31%,16.8GiB,1007GiB,1.67%,4.007MiB,79.36kB,0B,0B,1,0.00%,72.1GiB,80GiB,90.12%
2026-05-20 21:58:31.447,langchain-bench,2.60%,1.02%,79.84MiB,1007GiB,0.01%,16.8GiB,1007GiB,1.67%,487.5kB,137kB,0B,0B,1,0.00%,72.1GiB,80GiB,90.12%
2026-05-20 21:58:31.624,vllm-server,1.11%,2.12%,3.145GiB,1007GiB,0.31%,16.75GiB,1007GiB,1.66%,4.007MiB,79.36kB,0B,0B,1,0.00%,72.1GiB,80GiB,90.12%
